{
"type": "FeatureCollection",
"name": "export4",
"crs": { "type": "name", "properties": { "name": "urn:ogc:def:crs:OGC:1.3:CRS84" } },
"features": [
{ "type": "Feature", "properties": { "dt_code": "249", "district": "Upper Subansiri", "st_code": "12", "year": "2011_c", "st_nm": "Arunachal Pradesh", "headquarter": "Daporijo", "area": "7032 km²", "forest_land": "77.6 km²", "schools": "2800", "colleges": "6", "hospitals": "49", "bdo": "4" }, "geometry": { "type": "Polygon", "coordinates": [ [ [ 94.414685107272447, 28.332449453652895 ], [ 94.414685107272447, 28.312949246706278 ], [ 94.392533067561217, 28.304970858508785 ], [ 94.381457047705595, 28.290785579876655 ], [ 94.400588354728939, 28.252653277529394 ], [ 94.385484691289463, 28.245557390142562 ], [ 94.374408671433841, 28.226928439594872 ], [ 94.377429404121742, 28.198535214633612 ], [ 94.36635338426612, 28.184335772080875 ], [ 94.389512334873316, 28.16835914501668 ], [ 94.380450136809628, 28.146165427241176 ], [ 94.400573785393462, 28.123767300104614 ], [ 94.392419133060557, 28.110821199345896 ], [ 94.403835646326655, 28.093557300712764 ], [ 94.39486552876042, 28.072693051281565 ], [ 94.406282042026533, 28.059021172947208 ], [ 94.461733677890436, 28.042468677567776 ], [ 94.48416493493437, 28.021674682827367 ], [ 94.484710875453786, 28.021674682827367 ], [ 94.494352287222142, 28.010795936623111 ], [ 94.491090426288977, 27.979113879278295 ], [ 94.505768800488255, 27.974072693458456 ], [ 94.525656414409383, 27.960154890499926 ], [ 94.53275364116169, 27.945305285455369 ], [ 94.558412845573855, 27.902453568041082 ], [ 94.592807098296561, 27.890149609575595 ], [ 94.592807098296561, 27.890149609575595 ], [ 94.593353038815962, 27.890149609575595 ], [ 94.601178232783511, 27.865990714412348 ], [ 94.56855962345179, 27.851571625074634 ], [ 94.518816244220943, 27.835708411958642 ], [ 94.447870768924446, 27.820564090257825 ], [ 94.442977977524706, 27.805417655925105 ], [ 94.420144950992494, 27.801811050734695 ], [ 94.406282042026533, 27.787383432975318 ], [ 94.38834180689409, 27.788104859342933 ], [ 94.336967497196639, 27.75130601320738 ], [ 94.323920053463951, 27.767903111928344 ], [ 94.336967497196639, 27.793154709880177 ], [ 94.34756854522945, 27.797482966489788 ], [ 94.344306684296257, 27.806138962597075 ], [ 94.35409226709578, 27.824891254923276 ], [ 94.323104588230649, 27.845082409204455 ], [ 94.330443775330295, 27.88977801763712 ], [ 94.318211796830909, 27.897705957633541 ], [ 94.301087026931754, 27.958227432965071 ], [ 94.261944695733689, 27.979834029447378 ], [ 94.230870885178902, 27.977002119798151 ], [ 94.204046664169908, 27.955346226562188 ], [ 94.181213637637711, 27.974072693458456 ], [ 94.160827006805391, 27.971912113127875 ], [ 94.141255841206359, 27.981994451102203 ], [ 94.121684675607327, 27.966870590754564 ], [ 94.104559905708186, 27.978393724300609 ], [ 94.068158259145491, 27.939365443437548 ], [ 94.023013382378906, 27.954625912946504 ], [ 93.996855154923608, 27.970472676258996 ], [ 93.958963855961855, 27.973531279689233 ], [ 93.951968451862456, 27.99604707107769 ], [ 93.92535212602813, 28.003468399594201 ], [ 93.923951266773699, 28.027584186679341 ], [ 93.881925489140571, 28.053548992834841 ], [ 93.90013665944825, 28.099281253034011 ], [ 93.876533136833288, 28.120954899410965 ], [ 93.892365411896122, 28.128591839148164 ], [ 93.877022481750046, 28.157345489737136 ], [ 93.857410452187906, 28.169695522888887 ], [ 93.860912600323999, 28.195008634266472 ], [ 93.849705726288491, 28.214143837044016 ], [ 93.855309163306259, 28.237595215357864 ], [ 93.827291978217488, 28.24808495305917 ], [ 93.819587252318087, 28.261658376180794 ], [ 93.783164911702698, 28.259807556609807 ], [ 93.773358896921636, 28.280781629537064 ], [ 93.748143430341756, 28.284482507862144 ], [ 93.716624097116906, 28.317168012162657 ], [ 93.685805193519286, 28.320251031952338 ], [ 93.673197460229346, 28.302984969868174 ], [ 93.639576838122821, 28.305451721767195 ], [ 93.627669534460111, 28.269678222911534 ], [ 93.603016936609876, 28.269450949856516 ], [ 93.560979516615461, 28.260541186829784 ], [ 93.554974170901986, 28.259268363540251 ], [ 93.479634379223683, 28.281330633892161 ], [ 93.456704877408541, 28.272420870865428 ], [ 93.455067055850321, 28.271572322005738 ], [ 93.453429234292088, 28.273693694154961 ], [ 93.428861910918741, 28.28302773161154 ], [ 93.425040327282886, 28.282603457181693 ], [ 93.423402505724653, 28.285149103760762 ], [ 93.408662111700636, 28.306787099682829 ], [ 93.38627855040491, 28.306362825252982 ], [ 93.384094788327275, 28.310605569551427 ], [ 93.378635383133201, 28.311454118411117 ], [ 93.370446275342076, 28.32630372345567 ], [ 93.360619345992731, 28.329697918894428 ], [ 93.360619345992731, 28.343698975079292 ], [ 93.336597963138786, 28.353457286965714 ], [ 93.294014602624969, 28.340304779640537 ], [ 93.282549851717391, 28.364912696571515 ], [ 93.253615004188774, 28.361942775562603 ], [ 93.223042335101923, 28.334364937622716 ], [ 93.22413421614074, 28.342426151789759 ], [ 93.25251908879109, 28.3987348656607 ], [ 93.202292561005549, 28.430979722328878 ], [ 93.256340672426944, 28.481044105050522 ], [ 93.297286211382541, 28.503106375402432 ], [ 93.326766999430575, 28.564626167729873 ], [ 93.321307594236487, 28.597719573257741 ], [ 93.349150560726301, 28.606629336284474 ], [ 93.358431549556229, 28.638449918522806 ], [ 93.433225400715131, 28.65117815141814 ], [ 93.46707371291842, 28.674513245059583 ], [ 93.487819452655927, 28.65032960255845 ], [ 93.512386776029288, 28.682150184796782 ], [ 93.554970136543105, 28.657117993435961 ], [ 93.622124854789163, 28.657237778734331 ], [ 93.75012391593539, 28.686373197035895 ], [ 93.796441817149798, 28.667821771070276 ], [ 93.870953223451224, 28.702271803873778 ], [ 93.924319500937372, 28.670472175918007 ], [ 93.955533738712319, 28.666938287890709 ], [ 93.966609758567927, 28.654568741378366 ], [ 93.961575204088106, 28.641314036295746 ], [ 93.976678867527582, 28.63866289427612 ], [ 93.993796352758991, 28.62010302459317 ], [ 93.993796352758991, 28.59800366350547 ], [ 94.003865461718647, 28.596235513796099 ], [ 94.013934570678288, 28.570594000931397 ], [ 94.07143390226193, 28.539289487237578 ], [ 94.118653303858665, 28.520176952515875 ], [ 94.114563203295162, 28.475648322760911 ], [ 94.148411515498466, 28.439584996224134 ], [ 94.17302649224078, 28.42546930944183 ], [ 94.205247640911679, 28.42369826511068 ], [ 94.231394474448479, 28.428129586618336 ], [ 94.246801898797059, 28.445026839461335 ], [ 94.30291799782033, 28.418385265490272 ], [ 94.323056215739612, 28.404214822170161 ], [ 94.313994017675938, 28.391814401628729 ], [ 94.308372087685001, 28.375519557317627 ], [ 94.329663767941909, 28.357700031264159 ], [ 94.374408671433841, 28.341312001462754 ], [ 94.387498513081397, 28.326245230354264 ], [ 94.414685107272447, 28.332449453652895 ] ] ] } },
{ "type": "Feature", "properties": { "dt_code": "260", "district": "Anjaw", "st_code": "12", "year": "2011_c", "st_nm": "Arunachal Pradesh", "headquarter": null, "area": null, "forest_land": null, "schools": null, "colleges": null, "hospitals": null, "bdo": null }, "geometry": { "type": "Polygon", "coordinates": [ [ [ 96.861189956436746, 27.630917932940644 ], [ 96.848633324490365, 27.624129542063134 ], [ 96.78257452164199, 27.642373342546442 ], [ 96.765650365540353, 27.61818970004531 ], [ 96.764558484501535, 27.616916876755777 ], [ 96.717607599832448, 27.648737458994109 ], [ 96.705596908405468, 27.650858831143331 ], [ 96.700137503211394, 27.660617143029754 ], [ 96.71754269697918, 27.675407020780078 ], [ 96.726035052989232, 27.70924524940564 ], [ 96.705410759821973, 27.751125660356976 ], [ 96.719969084410621, 27.762398405368803 ], [ 96.709050340969142, 27.777963610218695 ], [ 96.723608665557791, 27.786013704427813 ], [ 96.724821859273518, 27.810160410988335 ], [ 96.701771178674818, 27.817671625338289 ], [ 96.688426047801897, 27.834838164287394 ], [ 96.673867723213235, 27.865409335066069 ], [ 96.625946571442284, 27.888466092290358 ], [ 96.585304581965659, 27.923845982379323 ], [ 96.596223325407152, 27.936172618762583 ], [ 96.593796937975696, 27.958678500112637 ], [ 96.576812225955607, 27.952784555958196 ], [ 96.518578927601041, 27.995106646136708 ], [ 96.496134843860204, 27.985465098967644 ], [ 96.482789712987284, 28.003676186289425 ], [ 96.437901545505625, 28.003140609995818 ], [ 96.407571702612628, 27.986000763098826 ], [ 96.411698958609335, 27.968963223305604 ], [ 96.391681109745875, 27.975004495544479 ], [ 96.287952411058356, 28.061980753662588 ], [ 96.282493005864282, 28.072163339978854 ], [ 96.273212017034339, 28.091255689321855 ], [ 96.327260128455734, 28.13113748572723 ], [ 96.335449236246859, 28.172292105422141 ], [ 96.307218608910375, 28.24972465144306 ], [ 96.379393326411886, 28.272841491774471 ], [ 96.417667797814175, 28.347936572836392 ], [ 96.456648031555432, 28.414128530433469 ], [ 96.508512380899191, 28.412855707143937 ], [ 96.577846826864004, 28.457828796707446 ], [ 96.663013547891651, 28.460374443286511 ], [ 96.749272149958102, 28.415825628152845 ], [ 96.780390759564369, 28.364488422141669 ], [ 96.849725205529182, 28.361942775562603 ], [ 96.89667609019827, 28.379762301616068 ], [ 96.923427175649252, 28.338607681921161 ], [ 96.993853502652883, 28.309332746261894 ], [ 97.021125468639269, 28.335736912023386 ], [ 97.050606256687303, 28.367557494261717 ], [ 97.091005855123498, 28.379012903867519 ], [ 97.150513371738967, 28.343373851760585 ], [ 97.172350992515291, 28.308159074083498 ], [ 97.222577520300817, 28.308583348513341 ], [ 97.239501676402469, 28.283975431582366 ], [ 97.280447215358066, 28.284823980442052 ], [ 97.311019884444917, 28.260216063511077 ], [ 97.372711163138021, 28.233911048860723 ], [ 97.398370367550186, 28.201666192192544 ], [ 97.369981460540984, 28.208454583070054 ], [ 97.328489981065971, 28.171118433243745 ], [ 97.322484635352481, 28.156268828199192 ], [ 97.336679088857096, 28.127418166969768 ], [ 97.307744241328464, 28.101113152319414 ], [ 97.305560479250829, 28.084990723985324 ], [ 97.329035921585373, 28.07311103994968 ], [ 97.371073341579788, 28.078202333107814 ], [ 97.365613936385714, 28.060382807054349 ], [ 97.37434898469624, 28.046806025299325 ], [ 97.412564821054801, 28.031532145824926 ], [ 97.388543438200855, 28.019652461789281 ], [ 97.375440865735058, 27.993771721568773 ], [ 97.372711163138021, 27.951768553014173 ], [ 97.384721854565001, 27.933949026960708 ], [ 97.37598680625446, 27.925463538363818 ], [ 97.38635967612322, 27.903825542441751 ], [ 97.361792352749859, 27.892370132835953 ], [ 97.340500672492951, 27.901279895862686 ], [ 97.318117111197225, 27.897037151564241 ], [ 97.321392754313663, 27.919523696345994 ], [ 97.306106419770245, 27.937343222399463 ], [ 97.253696129907084, 27.917402324196775 ], [ 97.157610598491274, 27.830426066078665 ], [ 97.099740903434025, 27.801151130419399 ], [ 97.088822093045863, 27.750238198838066 ], [ 97.062616948114282, 27.764663529452779 ], [ 97.048422494609667, 27.7553294919962 ], [ 97.032590219546847, 27.765512078312465 ], [ 96.985664394861772, 27.686073608820418 ], [ 96.98293469226472, 27.666556985047574 ], [ 96.934891926556816, 27.661465691889443 ], [ 96.903773316950563, 27.613946955746865 ], [ 96.861189956436746, 27.630917932940644 ] ] ] } },
{ "type": "Feature", "properties": { "dt_code": "253", "district": "Changlang", "st_code": "12", "year": "2011_c", "st_nm": "Arunachal Pradesh", "headquarter": null, "area": null, "forest_land": null, "schools": null, "colleges": null, "hospitals": null, "bdo": null }, "geometry": { "type": "Polygon", "coordinates": [ [ [ 96.700137503211394, 27.660617143029754 ], [ 96.705596908405468, 27.650858831143331 ], [ 96.717607599832448, 27.648737458994109 ], [ 96.764558484501535, 27.616916876755777 ], [ 96.765650365540353, 27.61818970004531 ], [ 96.78257452164199, 27.642373342546442 ], [ 96.848633324490365, 27.624129542063134 ], [ 96.861189956436746, 27.630917932940644 ], [ 96.89667609019827, 27.616068327896087 ], [ 96.890124803965364, 27.579580726929468 ], [ 96.908140841105833, 27.579580726929468 ], [ 96.906503019547614, 27.544365949252377 ], [ 96.935437867076232, 27.5083026227156 ], [ 96.910324603183469, 27.486664626793534 ], [ 96.903227376431161, 27.452722672405979 ], [ 96.932162223959779, 27.431508950913759 ], [ 96.934891926556816, 27.41538652257967 ], [ 96.962188952527228, 27.40180974082465 ], [ 96.962188952527228, 27.372959079595226 ], [ 96.990031919017028, 27.344108418365806 ], [ 96.998221026808153, 27.318651952575138 ], [ 97.028247755375588, 27.308469366258873 ], [ 97.054998840826585, 27.265193374414739 ], [ 97.088301212510473, 27.238888359764385 ], [ 97.090484974588094, 27.21343189397372 ], [ 97.163641004188776, 27.142153789759856 ], [ 97.16145724211114, 27.123061440416855 ], [ 97.137981799776597, 27.091665132608366 ], [ 97.100311903937438, 27.109060384231988 ], [ 97.097036260821, 27.0967564257665 ], [ 97.063187948617696, 27.091665132608366 ], [ 97.030431517453223, 27.131546929013744 ], [ 96.992761621614065, 27.140032417610634 ], [ 96.984026573303538, 27.154457748225344 ], [ 96.901589554872942, 27.168458804410211 ], [ 96.860098075397929, 27.189672525902431 ], [ 96.854638670203855, 27.210886247394654 ], [ 96.885757279810107, 27.22700867572874 ], [ 96.885211339290692, 27.259253532396919 ], [ 96.846995502932131, 27.271557490862406 ], [ 96.848087383970949, 27.290225565775561 ], [ 96.796768975146605, 27.345805516085182 ], [ 96.703959086847249, 27.372110530735537 ], [ 96.697953741133759, 27.357685200120827 ], [ 96.605689793353804, 27.365746414287873 ], [ 96.590949399329787, 27.347926888234404 ], [ 96.596408804523875, 27.333501557619694 ], [ 96.551095741413008, 27.318227678145295 ], [ 96.523798715442609, 27.286407095906963 ], [ 96.507420499860373, 27.299135328802294 ], [ 96.457739912594249, 27.306772268539497 ], [ 96.386221704551801, 27.284709998187584 ], [ 96.305968448198826, 27.294044035644163 ], [ 96.274303898073157, 27.283437174898051 ], [ 96.27157419547612, 27.271557490862406 ], [ 96.228444894442887, 27.278770156169763 ], [ 96.185315593409655, 27.249070946080653 ], [ 96.15528886484222, 27.248222397220964 ], [ 96.089776002513261, 27.223190205860142 ], [ 96.03019687233909, 27.164532402599608 ], [ 96.01818618091211, 27.127196252773299 ], [ 95.975602820398294, 27.083495986499319 ], [ 95.953765199621969, 27.036401524786587 ], [ 95.91227372014697, 27.0240975663211 ], [ 95.878425407943666, 26.998216826100588 ], [ 95.839117690546303, 26.992701258512611 ], [ 95.810182843017671, 26.999913923819967 ], [ 95.763231958348584, 26.938818405922369 ], [ 95.768145423023256, 26.92184742872859 ], [ 95.751544975346206, 26.911036218018616 ], [ 95.752859088479838, 26.881117083463526 ], [ 95.724470181470622, 26.864146106269747 ], [ 95.687346226150879, 26.881117083463526 ], [ 95.684688137112531, 26.903711560187283 ], [ 95.666759288259087, 26.957974267884449 ], [ 95.655819199602689, 26.944565390268988 ], [ 95.621631422551417, 26.965287528538546 ], [ 95.630520244584758, 26.986005854554993 ], [ 95.630520244584758, 27.00915711683658 ], [ 95.661972999471899, 27.042657078519166 ], [ 95.641567061703327, 27.085051657815935 ], [ 95.619550241815148, 27.099008234840646 ], [ 95.620440278735629, 27.117229501305388 ], [ 95.648921460191261, 27.125942971065179 ], [ 95.664052087839579, 27.163165601034752 ], [ 95.646931316607947, 27.18800664036192 ], [ 95.640380030375042, 27.225342790188229 ], [ 95.687876855563545, 27.246980786110296 ], [ 95.726638632441507, 27.24443513953123 ], [ 95.748476253217831, 27.261830391154852 ], [ 95.786146149056975, 27.264800312163764 ], [ 95.807437829313884, 27.279225642778474 ], [ 95.811259412949738, 27.268194507602519 ], [ 95.865853464890549, 27.282195563787386 ], [ 95.862577821774096, 27.266073135453297 ], [ 95.898609896055021, 27.250374981549051 ], [ 95.910620587482001, 27.269043056462209 ], [ 95.903523360729693, 27.277104270629252 ], [ 95.966306520461615, 27.305954931858672 ], [ 95.961393055786942, 27.312743322736186 ], [ 95.975674433956996, 27.324591794592962 ], [ 95.965301564088236, 27.327985990031717 ], [ 95.989322946942195, 27.356412376831294 ], [ 96.01498215135436, 27.368292060866938 ], [ 95.983317601228705, 27.411992327140915 ], [ 95.970215028762908, 27.414962248149827 ], [ 95.96912314772409, 27.428114755475004 ], [ 95.954382753700074, 27.419629266878115 ], [ 95.941280181234291, 27.43744879293158 ], [ 95.907977809550403, 27.434478871922671 ], [ 95.885594248254677, 27.398415545385895 ], [ 95.88286454565764, 27.435327420782357 ], [ 95.857205341245461, 27.420053541307958 ], [ 95.859935043842498, 27.408173857272317 ], [ 95.844648709299079, 27.421750639027337 ], [ 95.853383757609606, 27.456965416704424 ], [ 95.87085385423066, 27.466723728590846 ], [ 95.874129497347099, 27.493453017671047 ], [ 95.886686129293494, 27.497271487539646 ], [ 95.875767318905332, 27.512545367014045 ], [ 95.874129497347099, 27.544365949252377 ], [ 95.874129497347099, 27.544365949252377 ], [ 95.874129497347099, 27.546911595831446 ], [ 95.923905286837027, 27.546735320640806 ], [ 95.924584956870859, 27.564812387436774 ], [ 96.008864041069572, 27.591922405885139 ], [ 96.055761273405921, 27.590115279780342 ], [ 96.067995334015421, 27.600957589581814 ], [ 96.125808076794186, 27.619462523334843 ], [ 96.142759037740063, 27.608787479638504 ], [ 96.224623310807033, 27.568125317323666 ], [ 96.293957756771846, 27.558791279867091 ], [ 96.307606269757045, 27.566852494034134 ], [ 96.3114278533929, 27.569822415043046 ], [ 96.372573191566602, 27.644918989125511 ], [ 96.38349200195475, 27.638979147107687 ], [ 96.39386487182351, 27.648737458994109 ], [ 96.43972387545378, 27.652555928862711 ], [ 96.452280507400161, 27.641100519256909 ], [ 96.480123473889975, 27.646191812415044 ], [ 96.518885250767937, 27.636857774958465 ], [ 96.58221435101926, 27.655950124301466 ], [ 96.640629986595911, 27.627948011931732 ], [ 96.682121466070924, 27.654677301011933 ], [ 96.700137503211394, 27.660617143029754 ] ] ] } },
{ "type": "Feature", "properties": { "dt_code": "245", "district": "Tawang", "st_code": "12", "year": "2011_c", "st_nm": "Arunachal Pradesh", "headquarter": null, "area": null, "forest_land": null, "schools": null, "colleges": null, "hospitals": null, "bdo": null }, "geometry": { "type": "Polygon", "coordinates": [ [ [ 92.013784084613235, 27.49005882 ], [ 91.976252135041861, 27.488437627728299 ], [ 91.936398477125081, 27.484194883429854 ], [ 91.846318291422762, 27.506257153781767 ], [ 91.825572551685255, 27.492680372026744 ], [ 91.71747632884248, 27.493953195316276 ], [ 91.708195340012537, 27.514742642378653 ], [ 91.687449600275031, 27.526198051984455 ], [ 91.650871585474704, 27.506681428211611 ], [ 91.618115154310217, 27.536804912730567 ], [ 91.60719634392207, 27.565231299530144 ], [ 91.591910009378637, 27.563109927380921 ], [ 91.559699518733566, 27.60808301694443 ], [ 91.573893972238182, 27.632266659445563 ], [ 91.555877935097712, 27.657298850806384 ], [ 91.594093771456272, 27.716272996554761 ], [ 91.621936737946072, 27.729849778309784 ], [ 91.641998590896392, 27.764988652771486 ], [ 91.635112006687464, 27.829956744521692 ], [ 91.605631218639431, 27.850321917154226 ], [ 91.572328846955543, 27.844806349566248 ], [ 91.551037166698634, 27.88511242040147 ], [ 91.676882439927567, 27.885961524128781 ], [ 91.72437926511607, 27.840988434565272 ], [ 91.772967971343377, 27.828684476099784 ], [ 91.839026774191751, 27.83801851355636 ], [ 91.875058848472676, 27.764619037193274 ], [ 91.893074885613132, 27.749345157718874 ], [ 91.922555673661165, 27.753587902017319 ], [ 91.932928543529911, 27.742556766841364 ], [ 91.959679628980908, 27.756133548596384 ], [ 91.970052498849668, 27.778195818948294 ], [ 91.99844140585887, 27.797288168291296 ], [ 92.065946070902498, 27.77977199798292 ], [ 92.168704482754336, 27.851584957104361 ], [ 92.212925664826372, 27.871525855307052 ], [ 92.267519716767183, 27.876617148465183 ], [ 92.309137905612957, 27.778989708956352 ], [ 92.395050543923972, 27.8070004531309 ], [ 92.398326187040425, 27.827365625763434 ], [ 92.42234756989437, 27.834154016640944 ], [ 92.458925584694711, 27.812516020718878 ], [ 92.474222720691017, 27.818861825624616 ], [ 92.475303800276947, 27.797242141244478 ], [ 92.474757859757545, 27.794272220235566 ], [ 92.469419465987627, 27.766172241219497 ], [ 92.42330822083504, 27.759371725403351 ], [ 92.413412544819877, 27.708984428032018 ], [ 92.388724786970585, 27.682836663016253 ], [ 92.342986217816247, 27.672496827065398 ], [ 92.269830188215579, 27.648313184564266 ], [ 92.244716924322816, 27.650858831143331 ], [ 92.22233336302709, 27.627099463072042 ], [ 92.22233336302709, 27.60291582057091 ], [ 92.224453476114519, 27.574745902257437 ], [ 92.186027438487358, 27.590072342484447 ], [ 92.151907036023459, 27.577459354780245 ], [ 92.112053378106665, 27.525273599909379 ], [ 92.049270218374758, 27.51678811131249 ], [ 92.013784084613235, 27.491331645521825 ], [ 92.013784084613235, 27.49005882 ] ] ] } },
{ "type": "Feature", "properties": { "dt_code": "248", "district": "Papum Pare", "st_code": "12", "year": "2011_c", "st_nm": "Arunachal Pradesh", "headquarter": "Itanagar", "area": 3462, "forest_land": 3177.17, "schools": 200, "colleges": 3, "hospitals": 15, "bdo": 6 }, "geometry": { "type": "Polygon", "coordinates": [ [ [ 93.90163203487468, 27.457021310824292 ], [ 93.92363168992955, 27.482396400673785 ], [ 94.038029896214852, 27.484998643597891 ], [ 94.062962838610375, 27.467432310883552 ], [ 94.095228999357516, 27.473938686594224 ], [ 94.1069621487201, 27.4706855467564 ], [ 94.121628585423352, 27.471986814216162 ], [ 94.140694953137569, 27.463528301080689 ], [ 94.139961631302413, 27.438148867715444 ], [ 94.092295712016863, 27.40234743786997 ], [ 94.065162804115872, 27.355462579688346 ], [ 93.994763907940282, 27.320937424724566 ], [ 93.806106809829657, 27.148942180637366 ], [ 93.805560869310241, 27.137062496601722 ], [ 93.797917702038532, 27.136638222171875 ], [ 93.82521472800893, 27.116697323969188 ], [ 93.837771359955312, 27.085301016160699 ], [ 93.829036311644785, 27.067057215677391 ], [ 93.810474333984914, 27.067481490107234 ], [ 93.80337710723262, 27.058147452650658 ], [ 93.793550177883276, 27.072572783265368 ], [ 93.800101464116167, 27.058147452650658 ], [ 93.783723248533931, 27.051359061773145 ], [ 93.78099354593688, 27.065784392387858 ], [ 93.778263843339843, 27.049237689623922 ], [ 93.770620676068134, 27.061965922519256 ], [ 93.767345032951681, 27.0394793777375 ], [ 93.723123850879645, 27.020811302824345 ], [ 93.697464646467466, 26.994082013744148 ], [ 93.697464646467466, 26.994082013744148 ], [ 93.67671890672996, 26.979232408699591 ], [ 93.66470821530298, 26.968625547953479 ], [ 93.661432572186541, 26.968201273523636 ], [ 93.474174974029594, 26.937229240144994 ], [ 93.47035339039374, 26.936804965715147 ], [ 93.469261509354922, 26.937653514574837 ], [ 93.448515769617416, 26.950806021900014 ], [ 93.39828924183189, 26.957170138347681 ], [ 93.391192015079582, 26.958442961637214 ], [ 93.387370431443728, 26.967352724663947 ], [ 93.380819145210836, 26.984747976287569 ], [ 93.339873606255239, 26.992809190454615 ], [ 93.339873606255239, 26.992809190454615 ], [ 93.342603308852276, 27.036509456728592 ], [ 93.312576580284841, 27.079361174142878 ], [ 93.292922721586152, 27.078088350853346 ], [ 93.272176981848645, 27.10354481664401 ], [ 93.212123524713761, 27.117545872828877 ], [ 93.212123524713761, 27.117545872828877 ], [ 93.214307286791396, 27.137911045461411 ], [ 93.311484699246023, 27.172701548708655 ], [ 93.273814803406864, 27.210886247394654 ], [ 93.22577203769896, 27.201127935508232 ], [ 93.21976669198547, 27.199855112218696 ], [ 93.220858573024287, 27.211734796254341 ], [ 93.22413421614074, 27.23464561546594 ], [ 93.22413421614074, 27.235069889895787 ], [ 93.22413421614074, 27.235069889895787 ], [ 93.233961145490085, 27.238039810904695 ], [ 93.22577203769896, 27.252040867089562 ], [ 93.294014602624969, 27.289801291345718 ], [ 93.288009256911479, 27.327561715601874 ], [ 93.303295591454898, 27.341138497356894 ], [ 93.319673807037134, 27.347926888234404 ], [ 93.330046676905894, 27.354715279111915 ], [ 93.373721918458529, 27.369989158586314 ], [ 93.370446275342076, 27.414962248149827 ], [ 93.369900334822674, 27.414962248149827 ], [ 93.330046676905894, 27.442540086089714 ], [ 93.314760342362462, 27.441267262800181 ], [ 93.327316974308843, 27.460783886573026 ], [ 93.320765688075952, 27.48708890122338 ], [ 93.294014602624969, 27.521455130040778 ], [ 93.330592617425296, 27.556245633288022 ], [ 93.300019948338445, 27.578732178069778 ], [ 93.28200391119799, 27.577035080350399 ], [ 93.284187673275625, 27.588066215526354 ], [ 93.271631041329229, 27.594854606403867 ], [ 93.228501740296011, 27.602491546141067 ], [ 93.341445266915528, 27.634386111851253 ], [ 93.389183539718232, 27.619967248422814 ], [ 93.416307558356138, 27.631502491105248 ], [ 93.453196223703685, 27.619005923338982 ], [ 93.470555595631936, 27.603623574409816 ], [ 93.508529221724999, 27.613237795621163 ], [ 93.53673820110842, 27.595931590040564 ], [ 93.531313397380842, 27.581507664491991 ], [ 93.537823161853922, 27.562272812866318 ], [ 93.556267494527688, 27.558425437970087 ], [ 93.58630364575491, 27.506464801363805 ], [ 93.58630364575491, 27.482396400673796 ], [ 93.614169875491072, 27.46873361675641 ], [ 93.618569806502052, 27.45181544212798 ], [ 93.591436898601032, 27.449212415626874 ], [ 93.579703749238448, 27.433592966726234 ], [ 93.549637553996803, 27.391279193900868 ], [ 93.575303818227468, 27.385419086741837 ], [ 93.591436898601032, 27.344389645080366 ], [ 93.58630364575491, 27.320937424724569 ], [ 93.620036450172364, 27.305299855350782 ], [ 93.644969392567873, 27.283142860060721 ], [ 93.691901990018266, 27.297480244243157 ], [ 93.713901645073136, 27.288356668469145 ], [ 93.743234518479625, 27.302693379522029 ], [ 93.76963410454546, 27.285749794856283 ], [ 93.804833552633269, 27.309861040756399 ], [ 93.844432931732015, 27.341784087852655 ], [ 93.823166598512302, 27.345692400717592 ], [ 93.808500161809079, 27.37044184676445 ], [ 93.827566529523281, 27.399743244869118 ], [ 93.842232966226533, 27.419924135498047 ], [ 93.867899230457198, 27.4296877590563 ], [ 93.872299161468177, 27.448561649403004 ], [ 93.90163203487468, 27.457021310824292 ] ] ] } },
{ "type": "Feature", "properties": { "dt_code": "254", "district": "Tirap", "st_code": "12", "year": "2011_c", "st_nm": "Arunachal Pradesh", "headquarter": null, "area": null, "forest_land": null, "schools": null, "colleges": null, "hospitals": null, "bdo": null }, "geometry": { "type": "Polygon", "coordinates": [ [ [ 95.640380030375042, 27.225342790188229 ], [ 95.646931316607947, 27.18800664036192 ], [ 95.662272013998589, 27.162373759321852 ], [ 95.64803142327078, 27.126735071014629 ], [ 95.618660204894653, 27.11564516114213 ], [ 95.619550241815148, 27.097423636682183 ], [ 95.638006914021361, 27.085844083031247 ], [ 95.661147873954064, 27.039874159375543 ], [ 95.631185966210552, 27.011052990937923 ], [ 95.629996581736975, 26.987540649401556 ], [ 95.6202061756116, 26.965331194727565 ], [ 95.654917615510641, 26.944704207004232 ], [ 95.666488095476993, 26.956604853105762 ], [ 95.703869646137505, 26.875655691705163 ], [ 95.675335534723899, 26.887905474341036 ], [ 95.639849400962376, 26.858630538681769 ], [ 95.634935936287704, 26.827658505303127 ], [ 95.616373958627833, 26.79838356964386 ], [ 95.577612181749871, 26.801353490652772 ], [ 95.543289542585867, 26.835403376982327 ], [ 95.509641301171371, 26.781351596897366 ], [ 95.500360312341442, 26.799595397380674 ], [ 95.509095360651969, 26.858145268699207 ], [ 95.444674379361828, 26.848811231242628 ], [ 95.398815375731559, 26.882753185630186 ], [ 95.382983100668724, 26.894208595235984 ], [ 95.372064290280562, 26.917119414447583 ], [ 95.387809640677958, 26.985458809831403 ], [ 95.370885484576306, 27.009218177902692 ], [ 95.399274391585521, 27.021097861938337 ], [ 95.39361491560264, 27.079392386321746 ], [ 95.381058283656245, 27.087877874918632 ], [ 95.38324204573388, 27.090847795927544 ], [ 95.382696105214478, 27.091696344787234 ], [ 95.385425807811515, 27.09339344250661 ], [ 95.403987785471386, 27.105697400972101 ], [ 95.440565800271727, 27.120971280446501 ], [ 95.446025205465801, 27.120971280446501 ], [ 95.447663027024021, 27.123941201455409 ], [ 95.45530619429573, 27.127335396894168 ], [ 95.459673718451, 27.124365475885256 ], [ 95.461857480528636, 27.129881043473233 ], [ 95.468408766761527, 27.14473064851779 ], [ 95.459673718451, 27.15236758825499 ], [ 95.472776290916798, 27.176551230756122 ], [ 95.465133123645074, 27.20243197097663 ], [ 95.475505993513835, 27.216008752731653 ], [ 95.490792328057253, 27.236373925364187 ], [ 95.497889554809561, 27.238919571943253 ], [ 95.509900246236541, 27.243586590671541 ], [ 95.515359651430614, 27.256739097996718 ], [ 95.541564796362195, 27.259284744575787 ], [ 95.585785978434245, 27.23085835777621 ], [ 95.603256075055299, 27.219402948170409 ], [ 95.605439837132934, 27.218130124880876 ], [ 95.615266766482279, 27.221524320319631 ], [ 95.640380030375042, 27.225342790188229 ] ] ] } },
{ "type": "Feature", "properties": { "dt_code": "251", "district": "East Siang", "st_code": "12", "year": "2011_c", "st_nm": "Arunachal Pradesh", "headquarter": null, "area": null, "forest_land": null, "schools": null, "colleges": null, "hospitals": null, "bdo": null }, "geometry": { "type": "Polygon", "coordinates": [ [ [ 95.554064605404946, 27.99924349357854 ], [ 95.521211661515594, 27.870014808610911 ], [ 95.385818412702406, 27.829284463345846 ], [ 95.314846145179374, 27.858135124575266 ], [ 95.255338628563905, 27.840315598521801 ], [ 95.215484970647125, 27.828011640056314 ], [ 95.163214909545118, 27.816026875709309 ], [ 95.115272175370009, 27.856631929617883 ], [ 95.120731580564083, 27.903302116900768 ], [ 95.098138471000667, 27.911912620725754 ], [ 95.057853056663603, 27.873568503539857 ], [ 95.089067030438414, 27.967791830237125 ], [ 95.067229409662104, 28.023371780546746 ], [ 95.115272175370009, 28.024220329406432 ], [ 95.202569337057497, 28.059115389857674 ], [ 95.227429971859067, 28.076778771974762 ], [ 95.227107106472033, 28.092303056181724 ], [ 95.216291116006417, 28.10241399727548 ], [ 95.226317854706963, 28.123556953959881 ], [ 95.223963601427116, 28.151471824595081 ], [ 95.26977334236247, 28.197324296782963 ], [ 95.303075714046358, 28.202415589941097 ], [ 95.305259476123979, 28.224053585863164 ], [ 95.34183749092432, 28.244843032925541 ], [ 95.346205015079576, 28.283876280471226 ], [ 95.383328970399333, 28.312302667270806 ], [ 95.384420851438136, 28.312302667270806 ], [ 95.389334316112809, 28.307635648542515 ], [ 95.436831141301312, 28.313999764990182 ], [ 95.455393118961183, 28.277512164023562 ], [ 95.465220048310528, 28.257571265820872 ], [ 95.465220048310528, 28.257571265820872 ], [ 95.47613885869869, 28.261814010119316 ], [ 95.535100434794742, 28.284724829330916 ], [ 95.537284196872378, 28.283452006041383 ], [ 95.562943401284556, 28.256298442531339 ], [ 95.564035282323374, 28.255025619241806 ], [ 95.580991273403129, 28.09782056665939 ], [ 95.577999421403334, 28.051183750625469 ], [ 95.554064605404946, 27.99924349357854 ] ] ] } },
{ "type": "Feature", "properties": { "dt_code": "259", "district": "Lohit", "st_code": "12", "year": "2011_c", "st_nm": "Arunachal Pradesh", "headquarter": null, "area": null, "forest_land": null, "schools": null, "colleges": null, "hospitals": null, "bdo": null }, "geometry": { "type": "Polygon", "coordinates": [ [ [ 96.314873503190839, 28.377767323080722 ], [ 96.368457763154069, 28.391236525843894 ], [ 96.377206213760331, 28.360447263096081 ], [ 96.417667797814175, 28.347936572836392 ], [ 96.380486882737657, 28.271878390205192 ], [ 96.307218608910375, 28.248761340965412 ], [ 96.335449236246859, 28.172292105422141 ], [ 96.327260128455734, 28.13113748572723 ], [ 96.273212017034339, 28.091255689321855 ], [ 96.282493005864282, 28.072163339978854 ], [ 96.287952411058356, 28.061980753662588 ], [ 96.391681109745875, 27.975004495544479 ], [ 96.412542302937254, 27.968963223305604 ], [ 96.406638892641809, 27.985348529362369 ], [ 96.436155944118994, 28.002475960141602 ], [ 96.482539882154555, 28.00322056930284 ], [ 96.496876735729202, 27.985348529362369 ], [ 96.517116999599267, 27.995029585522612 ], [ 96.57868113553738, 27.952575428626155 ], [ 96.593861333439932, 27.958534914570478 ], [ 96.594704677767837, 27.935440074361285 ], [ 96.582897857176974, 27.923518224884372 ], [ 96.624221729245036, 27.889980974914774 ], [ 96.673135700264353, 27.86687148984144 ], [ 96.688315898166906, 27.834062467586989 ], [ 96.700122718757783, 27.816908347285128 ], [ 96.722049671283671, 27.810195127617284 ], [ 96.722049671283671, 27.784830331592776 ], [ 96.710242850692794, 27.775876637522178 ], [ 96.717832949644063, 27.763190975981285 ], [ 96.705182784725281, 27.751250179013429 ], [ 96.724579704267427, 27.708700450214561 ], [ 96.715302916660306, 27.675096830791713 ], [ 96.700137503211394, 27.660617143029754 ], [ 96.682121466070924, 27.654677301011933 ], [ 96.640629986595911, 27.627948011931732 ], [ 96.58221435101926, 27.655950124301466 ], [ 96.518885250767937, 27.636857774958465 ], [ 96.480123473889975, 27.646191812415044 ], [ 96.452280507400161, 27.641100519256909 ], [ 96.43972387545378, 27.652555928862711 ], [ 96.39386487182351, 27.648737458994109 ], [ 96.38349200195475, 27.638979147107687 ], [ 96.372573191566602, 27.644918989125511 ], [ 96.30791885596814, 27.565414905071627 ], [ 96.275294694342847, 27.600957589581814 ], [ 96.279372714546, 27.634682359731759 ], [ 96.253545253259304, 27.658765120667518 ], [ 96.229756802074192, 27.71594041479295 ], [ 96.203929340787496, 27.727973502694638 ], [ 96.173344189263773, 27.785713829136231 ], [ 96.179461219568523, 27.798941672790388 ], [ 96.185578249873259, 27.833206323008067 ], [ 96.152954088247981, 27.833206323008067 ], [ 96.121689266690382, 27.84282252673728 ], [ 96.067995334015421, 27.835009426126852 ], [ 96.023171259145485, 27.850267813170216 ], [ 96.013621731306586, 27.832004237617593 ], [ 95.995270640392349, 27.834408395082914 ], [ 95.953810768326875, 27.821184869963208 ], [ 95.927983307040179, 27.791726684881219 ], [ 95.883804754839247, 27.796536730035537 ], [ 95.775737219455451, 27.753840143524659 ], [ 95.775860203853668, 27.753533243165684 ], [ 95.812984159173411, 27.798506332729193 ], [ 95.837551482546772, 27.809961742334995 ], [ 95.837551482546772, 27.810386016764838 ], [ 95.838097423066174, 27.810386016764838 ], [ 95.837551482546772, 27.824387072949705 ], [ 95.870307913711244, 27.832872561546594 ], [ 95.87085385423066, 27.833296835976437 ], [ 95.915620976822112, 27.889301060715905 ], [ 95.937282105533185, 27.894718942683248 ], [ 95.967363851779325, 27.909823860443215 ], [ 95.997742168714595, 27.948750567133871 ], [ 96.017426182578646, 27.982555684357894 ], [ 96.038203752768467, 28.038552264657621 ], [ 96.043671534397376, 28.075223886627665 ], [ 96.029455302162205, 28.101272434381343 ], [ 96.058981322958289, 28.138886952183931 ], [ 96.074291111519216, 28.149493788671602 ], [ 96.069030262775755, 28.167625086693853 ], [ 96.067938381736937, 28.190535905905453 ], [ 96.088507343754344, 28.209258121102692 ], [ 96.116939808224643, 28.2063670676248 ], [ 96.178178962468323, 28.214076369680381 ], [ 96.208798539590177, 28.215039993311358 ], [ 96.21534232197709, 28.230841976740674 ], [ 96.245979454666681, 28.255504331554082 ], [ 96.249260123644035, 28.304618957813499 ], [ 96.290136173135991, 28.344547523938981 ], [ 96.314873503190839, 28.377767323080722 ] ] ] } },
{ "type": "Feature", "properties": { "dt_code": "256", "district": "Kurung Kumey", "st_code": "12", "year": "2011_c", "st_nm": "Arunachal Pradesh", "headquarter": null, "area": null, "forest_land": null, "schools": null, "colleges": null, "hospitals": null, "bdo": null }, "geometry": { "type": "Polygon", "coordinates": [ [ [ 93.22413421614074, 28.342426151789759 ], [ 93.223042335101923, 28.334364937622716 ], [ 93.253615004188774, 28.361942775562603 ], [ 93.294234958783122, 28.366509383108134 ], [ 93.306987777371944, 28.342251898277571 ], [ 93.349571137885761, 28.355404405602748 ], [ 93.373592520739706, 28.345646093716326 ], [ 93.373592520739706, 28.331645037531462 ], [ 93.38341945008905, 28.328250842092704 ], [ 93.391608557880176, 28.313401237048151 ], [ 93.39706796307425, 28.312552688188461 ], [ 93.399251725151885, 28.308309943890016 ], [ 93.421635286447611, 28.308734218319863 ], [ 93.436375680471627, 28.287096222397796 ], [ 93.438013502029861, 28.284550575818727 ], [ 93.441835085665716, 28.284974850248574 ], [ 93.466402409039063, 28.275640812791995 ], [ 93.468040230597296, 28.273519440642772 ], [ 93.469678052155516, 28.274367989502462 ], [ 93.470223992674931, 28.273943715072619 ], [ 93.470448124244399, 28.199286929779507 ], [ 93.483760716370782, 28.136695222498446 ], [ 93.504838987237591, 28.102449903550141 ], [ 93.527026640781585, 28.069172552708409 ], [ 93.57473009590116, 28.059383134157827 ], [ 93.626871081729519, 28.030988778862415 ], [ 93.608011576217152, 27.978096566529548 ], [ 93.629089847083932, 27.949680777061772 ], [ 93.602464662831153, 27.908513616316633 ], [ 93.605792810862752, 27.890865748764835 ], [ 93.61466787228035, 27.861446242425732 ], [ 93.604683428185538, 27.832018748738001 ], [ 93.593589601413541, 27.791788266872025 ], [ 93.552542442357151, 27.766268535930937 ], [ 93.524939383680746, 27.735336150072726 ], [ 93.524939383680746, 27.715573055642665 ], [ 93.539567065765908, 27.701941248246474 ], [ 93.537257431752465, 27.646715017657122 ], [ 93.514930969622455, 27.634438732028809 ], [ 93.514823431332374, 27.614007595191815 ], [ 93.470448124244385, 27.604177021968361 ], [ 93.44936985337759, 27.619905515670986 ], [ 93.412760225030013, 27.627768915518363 ], [ 93.386135040777219, 27.619905515670986 ], [ 93.337322202980431, 27.633666094751423 ], [ 93.278524921088859, 27.596311928328355 ], [ 93.234149614000884, 27.60122767799874 ], [ 93.229593621334814, 27.646191812415044 ], [ 93.195199368612123, 27.674618199214621 ], [ 93.223588275621339, 27.710681525751397 ], [ 93.201204714325598, 27.731895247243617 ], [ 93.225226097179558, 27.760321634043194 ], [ 93.246352823450081, 27.804545886536122 ], [ 93.213071343134089, 27.837904886194959 ], [ 93.199020952247977, 27.844327971152392 ], [ 93.197383130689744, 27.843055147862859 ], [ 93.176091450432835, 27.821417151940793 ], [ 93.130778387321982, 27.822265700800482 ], [ 93.09583819407986, 27.809113193475305 ], [ 93.074546513822952, 27.82693271952877 ], [ 92.978460982407142, 27.823962798519862 ], [ 92.944066729684437, 27.850692087600059 ], [ 92.931510097738055, 27.87826992553995 ], [ 92.931510097738055, 27.924940112822835 ], [ 92.86361579981623, 27.967319044395936 ], [ 92.794834073829861, 27.958500270987447 ], [ 92.763771358868269, 27.983974761114709 ], [ 92.743802470678688, 28.00454591854502 ], [ 92.727161730520692, 28.032947250902076 ], [ 92.704974076976697, 28.063299008586473 ], [ 92.671692596660705, 28.06721474033942 ], [ 92.68911250712091, 28.125621918139252 ], [ 92.803709135247445, 28.1992869297795 ], [ 92.833662467531852, 28.207108317963783 ], [ 92.83920938091785, 28.177775160554834 ], [ 92.89711584501535, 28.204112687660473 ], [ 92.922413081707802, 28.227636737267101 ], [ 92.984538511630987, 28.26477336493674 ], [ 93.012273078560966, 28.231546464858674 ], [ 93.047773324231372, 28.263796250956155 ], [ 93.041117028168145, 28.303850575537936 ], [ 93.096930075118678, 28.306787099682829 ], [ 93.144289617147706, 28.326313475738978 ], [ 93.195745309131524, 28.317393960428937 ], [ 93.22413421614074, 28.342426151789759 ] ] ] } },
{ "type": "Feature", "properties": { "dt_code": "255", "district": "Keyi Penyor", "st_code": "12", "year": "2011_c", "st_nm": "Arunachal Pradesh", "headquarter": null, "area": null, "forest_land": null, "schools": null, "colleges": null, "hospitals": null, "bdo": null }, "geometry": { "type": "Polygon", "coordinates": [ [ [ 93.818804053089821, 27.634606316009592 ], [ 93.791916532484677, 27.628215320232943 ], [ 93.779456461960336, 27.632863354171501 ], [ 93.763717425508545, 27.60264760618551 ], [ 93.79126073929919, 27.585211652647359 ], [ 93.788637566557213, 27.542191115232292 ], [ 93.80306501663803, 27.517766555624537 ], [ 93.819459846275322, 27.48344670164418 ], [ 93.826017778130236, 27.448534184482483 ], [ 93.835854675912614, 27.431073780237966 ], [ 93.840445228211053, 27.420596211760817 ], [ 93.827985157686726, 27.399055865938699 ], [ 93.806999775750981, 27.370523000863344 ], [ 93.82405039857376, 27.344895382442932 ], [ 93.842412607767528, 27.341400247730562 ], [ 93.80831136212197, 27.312269838769563 ], [ 93.766996391435995, 27.285463105642535 ], [ 93.742076250387314, 27.301198277154022 ], [ 93.711909763854692, 27.288377194513686 ], [ 93.69092438191899, 27.297701765077921 ], [ 93.669938999983245, 27.290125611137007 ], [ 93.643051479378087, 27.283714615622415 ], [ 93.614196579216468, 27.307608263243594 ], [ 93.585997472240322, 27.321592402255092 ], [ 93.591243817724248, 27.345477894176163 ], [ 93.572881608530494, 27.386246102321525 ], [ 93.547305674296325, 27.387410687608249 ], [ 93.578449613236529, 27.434903146352514 ], [ 93.593866990466225, 27.447370243491626 ], [ 93.616163958772944, 27.450862029618779 ], [ 93.612229199659993, 27.468901163410955 ], [ 93.584685885869348, 27.481701338453426 ], [ 93.58564375682694, 27.50759875573679 ], [ 93.571635164282583, 27.523128803654441 ], [ 93.55482485322932, 27.556666221314796 ], [ 93.537314112548842, 27.564738514971992 ], [ 93.531710675531087, 27.582122977244083 ], [ 93.536613682921626, 27.593297248240045 ], [ 93.562617338173695, 27.602067271711221 ], [ 93.578127954014434, 27.600322972618262 ], [ 93.681743277322084, 27.661328254067616 ], [ 93.71518872978217, 27.668878922687419 ], [ 93.751257354984205, 27.695592483575354 ], [ 93.787325980186225, 27.702560163815416 ], [ 93.824706191759248, 27.71301085000346 ], [ 93.844379987324004, 27.719396887578181 ], [ 93.859463230590322, 27.71475253369977 ], [ 93.878481232969563, 27.726943540741399 ], [ 93.890941303493889, 27.710688561812216 ], [ 93.90536875357472, 27.700818285459921 ], [ 93.921763583211998, 27.662489929346187 ], [ 93.90536875357472, 27.649129918350553 ], [ 93.881760198897013, 27.646225352133708 ], [ 93.86733274881621, 27.64971082233772 ], [ 93.837822055469076, 27.63228236072359 ], [ 93.818804053089821, 27.634606316009592 ] ] ] } },
{ "type": "Feature", "properties": { "dt_code": "247", "district": "East Kameng", "st_code": "12", "year": "2011_c", "st_nm": "Arunachal Pradesh", "headquarter": null, "area": null, "forest_land": null, "schools": null, "colleges": null, "hospitals": null, "bdo": null }, "geometry": { "type": "Polygon", "coordinates": [ [ [ 92.626134638881879, 27.797587591828869 ], [ 92.580939021224495, 27.843708649134186 ], [ 92.606675488690314, 27.876997102250414 ], [ 92.670550529461039, 27.89948364703217 ], [ 92.750458766741872, 27.99377104001826 ], [ 92.791505925798262, 27.959480170283342 ], [ 92.865377446808168, 27.968835467155632 ], [ 92.881365922651426, 27.951640726860038 ], [ 92.931510097738055, 27.924940112822835 ], [ 92.940163204543012, 27.879098905068773 ], [ 92.952366413992209, 27.853599691530004 ], [ 92.978460982407142, 27.823962798519862 ], [ 93.074546513822952, 27.82693271952877 ], [ 93.09583819407986, 27.809113193475305 ], [ 93.130778387321982, 27.822265700800482 ], [ 93.176091450432835, 27.821417151940793 ], [ 93.2009325002781, 27.847010410299294 ], [ 93.248652519168843, 27.804808259477838 ], [ 93.225226097179558, 27.760321634043194 ], [ 93.201204714325598, 27.731895247243617 ], [ 93.223588275621339, 27.710681525751397 ], [ 93.195199368612123, 27.674618199214621 ], [ 93.229593621334814, 27.646191812415044 ], [ 93.238874610164757, 27.613946955746865 ], [ 93.229047680815412, 27.603340095000753 ], [ 93.228501740296011, 27.602491546141067 ], [ 93.271631041329229, 27.594854606403867 ], [ 93.284187673275625, 27.588066215526354 ], [ 93.28200391119799, 27.577035080350399 ], [ 93.300019948338445, 27.578732178069778 ], [ 93.330592617425296, 27.556245633288022 ], [ 93.294014602624969, 27.521455130040778 ], [ 93.320765688075952, 27.48708890122338 ], [ 93.327316974308843, 27.460783886573026 ], [ 93.314760342362462, 27.441267262800181 ], [ 93.330046676905894, 27.442540086089714 ], [ 93.369900334822674, 27.414962248149827 ], [ 93.370446275342076, 27.414962248149827 ], [ 93.373721918458529, 27.369989158586314 ], [ 93.330046676905894, 27.354715279111915 ], [ 93.261250434889789, 27.346754639969244 ], [ 93.234721890803925, 27.373142934785388 ], [ 93.189092794976176, 27.357122220083451 ], [ 93.134974565040977, 27.371258265166841 ], [ 93.119057438589451, 27.335443445952134 ], [ 93.10738487919167, 27.310931899045375 ], [ 93.0904066109767, 27.295845177958729 ], [ 93.040532948095233, 27.251516080398023 ], [ 93.032043813987755, 27.219437205301023 ], [ 93.027799246934009, 27.193012369280464 ], [ 93.006576411665293, 27.193012369280464 ], [ 92.99172042697721, 27.181685522087395 ], [ 92.981109009342859, 27.166581270313102 ], [ 92.959886174074143, 27.174133651710029 ], [ 92.931235346461406, 27.176021667216229 ], [ 92.89727881003148, 27.160916648966964 ], [ 92.87499483299932, 27.150530763541308 ], [ 92.852710855967175, 27.155251740267474 ], [ 92.828327339569952, 27.161670413532697 ], [ 92.808673480871263, 27.176944293007097 ], [ 92.808673480871263, 27.177792841866786 ], [ 92.829346291291017, 27.189588397590832 ], [ 92.856549679807387, 27.193107963632183 ], [ 92.880290818876205, 27.201466487793436 ], [ 92.879301604748335, 27.224339243770665 ], [ 92.870893284661449, 27.233574987112544 ], [ 92.867925642277854, 27.259079249922276 ], [ 92.856055072743445, 27.258639570787164 ], [ 92.854076644487705, 27.273148064261825 ], [ 92.85803350099917, 27.288533790924642 ], [ 92.871882498789319, 27.283698506430333 ], [ 92.885731496579481, 27.284138086445747 ], [ 92.888204531899149, 27.300401323992261 ], [ 92.882269247131944, 27.307872823632806 ], [ 92.882269247131944, 27.319738289156735 ], [ 92.884247675387684, 27.334238801140124 ], [ 92.875839355300798, 27.341268669718161 ], [ 92.857538893935256, 27.335996310087385 ], [ 92.849130573848385, 27.342586720433079 ], [ 92.838653560832583, 27.351502488158818 ], [ 92.817824862770451, 27.353520704225545 ], [ 92.814678826584753, 27.354715279111915 ], [ 92.810056615797592, 27.375532891585419 ], [ 92.806594366350069, 27.392221875653171 ], [ 92.81904635074001, 27.41453797371998 ], [ 92.803760016196591, 27.417083620299049 ], [ 92.804227731161205, 27.438260684503444 ], [ 92.820487064193955, 27.436074255852681 ], [ 92.826892255994736, 27.443945196259421 ], [ 92.841673467842696, 27.448754938993702 ], [ 92.865323406799433, 27.46405727054335 ], [ 92.843151589027485, 27.47454907038572 ], [ 92.836253690165108, 27.492033183452108 ], [ 92.784519448697239, 27.480668825658594 ], [ 92.774665307465284, 27.485476966304983 ], [ 92.778606963958069, 27.495966726362063 ], [ 92.778114256896473, 27.504707429604274 ], [ 92.779592378081261, 27.512573468965247 ], [ 92.780577792204468, 27.524371473418178 ], [ 92.787475691066845, 27.530488458886925 ], [ 92.807183973530783, 27.534420626948009 ], [ 92.806691266469201, 27.540973927749192 ], [ 92.804720438222787, 27.549274214340837 ], [ 92.801271488791599, 27.559321090489846 ], [ 92.797329832298814, 27.572424329911328 ], [ 92.792402761682823, 27.588146151923361 ], [ 92.785012155758849, 27.591639584098704 ], [ 92.77712884277328, 27.601682581531772 ], [ 92.759884095617338, 27.604738963313775 ], [ 92.758405974432549, 27.614344179606139 ], [ 92.745595590830987, 27.625258175744438 ], [ 92.729828964859834, 27.632242562355952 ], [ 92.733770621352619, 27.641845366214262 ], [ 92.726872722490242, 27.644464166455524 ], [ 92.723423773059054, 27.651883760002843 ], [ 92.717511288319884, 27.660612049123529 ], [ 92.716033167135066, 27.675448541261282 ], [ 92.716525874196634, 27.683738644723974 ], [ 92.708182067859894, 27.69482106244724 ], [ 92.702619530302059, 27.707749127818307 ], [ 92.690103820796935, 27.716366987089934 ], [ 92.686627234823291, 27.723137684535029 ], [ 92.660205181423592, 27.77667292762651 ], [ 92.626134638881879, 27.797587591828869 ] ] ] } },
{ "type": "Feature", "properties": { "dt_code": "246", "district": "West Kameng", "st_code": "12", "year": "2011_c", "st_nm": "Arunachal Pradesh", "headquarter": null, "area": null, "forest_land": null, "schools": null, "colleges": null, "hospitals": null, "bdo": null }, "geometry": { "type": "Polygon", "coordinates": [ [ [ 92.013784084613235, 27.490058822232292 ], [ 92.01378408, 27.491331645521825 ], [ 92.049270218374758, 27.51678811131249 ], [ 92.112053378106665, 27.525273599909379 ], [ 92.151907036023459, 27.577459354780245 ], [ 92.209230790561293, 27.580429275789154 ], [ 92.22233336302709, 27.60291582057091 ], [ 92.22233336302709, 27.627099463072042 ], [ 92.244716924322816, 27.650858831143331 ], [ 92.269830188215579, 27.648313184564266 ], [ 92.342986217816247, 27.672496827065398 ], [ 92.390139604720645, 27.680996001454631 ], [ 92.413412544819877, 27.708984428032018 ], [ 92.429837316529088, 27.651369124370049 ], [ 92.409634310626885, 27.647080305832336 ], [ 92.375518575290982, 27.603282671881079 ], [ 92.376214814787616, 27.590325085465892 ], [ 92.36261889251675, 27.585295597389081 ], [ 92.376272634894249, 27.511730350094361 ], [ 92.386775513646185, 27.488439950278789 ], [ 92.379160711607554, 27.483936444076235 ], [ 92.383221939361505, 27.475379274969946 ], [ 92.382714285892249, 27.466821441214872 ], [ 92.377130097730571, 27.462317051268805 ], [ 92.381191325484508, 27.448802777185911 ], [ 92.396420929561813, 27.440242880409681 ], [ 92.410127573231392, 27.429880011613559 ], [ 92.424849523839427, 27.425824711156647 ], [ 92.43195667240883, 27.418164292798568 ], [ 92.434494939755055, 27.405095294047371 ], [ 92.449724543832332, 27.398334860549479 ], [ 92.453278118117026, 27.380305016657889 ], [ 92.478299344588947, 27.373705054009928 ], [ 92.485485881186406, 27.367903233850264 ], [ 92.514232027576284, 27.370804181948841 ], [ 92.52925842228008, 27.360940648213258 ], [ 92.543631495475026, 27.351076235698226 ], [ 92.542324852457298, 27.344112592005889 ], [ 92.535791637368703, 27.33830922124794 ], [ 92.527951779262366, 27.334246680890772 ], [ 92.527298457753503, 27.329023195929114 ], [ 92.534484994350976, 27.320316840770474 ], [ 92.569764355829449, 27.321477727618355 ], [ 92.584790750533244, 27.324379891575902 ], [ 92.614190218431986, 27.345853543965102 ], [ 92.639669757277545, 27.35919993338398 ], [ 92.663189331596541, 27.374865381542644 ], [ 92.676255761773746, 27.39458908773026 ], [ 92.71937498135857, 27.378926432088019 ], [ 92.748121127748448, 27.378926432088019 ], [ 92.75596098585477, 27.389948532124315 ], [ 92.776867274138311, 27.389368448979901 ], [ 92.801913852435462, 27.394729286901235 ], [ 92.804569154723751, 27.416992611471915 ], [ 92.819025800515547, 27.414635530611115 ], [ 92.806044322661677, 27.392371731141871 ], [ 92.80888002807248, 27.371384362444232 ], [ 92.810186671090207, 27.358619689026241 ], [ 92.796466919404153, 27.354557893388112 ], [ 92.802346812983885, 27.339469919713398 ], [ 92.79581359789529, 27.329603595301101 ], [ 92.790587025824394, 27.321477727618355 ], [ 92.793853633368698, 27.31219029263185 ], [ 92.79842688393073, 27.301740998930146 ], [ 92.797120240913003, 27.285484586772739 ], [ 92.784053810735784, 27.277936157934697 ], [ 92.772947345085143, 27.255868579702703 ], [ 92.774907309611734, 27.216368300376601 ], [ 92.752441607372234, 27.193490995771032 ], [ 92.690204388159728, 27.171852999848966 ], [ 92.599018707636233, 27.143291023968764 ], [ 92.584824254131618, 27.1178345581781 ], [ 92.578272967898727, 27.095348013396343 ], [ 92.581548611015165, 27.053344844841746 ], [ 92.638739735986618, 27.02117424646314 ], [ 92.632951563366888, 26.987653115871289 ], [ 92.593204650417064, 26.967546144338279 ], [ 92.590474947820013, 26.966697595478589 ], [ 92.562631981330213, 26.960333479030922 ], [ 92.555534754577906, 26.958636381311546 ], [ 92.432122119341386, 26.966137044248043 ], [ 92.410830439084464, 26.948317518194578 ], [ 92.396635985579863, 26.950014615913958 ], [ 92.383336619140721, 26.928967103292877 ], [ 92.351501669732158, 26.934127538644098 ], [ 92.348270848103425, 26.946374016136861 ], [ 92.28603362889092, 26.937039978680282 ], [ 92.285661206182652, 26.915419837236911 ], [ 92.257443864661425, 26.912194057968335 ], [ 92.235738217337413, 26.91993577332142 ], [ 92.17793740604813, 26.90437084758226 ], [ 92.102610247083462, 26.898644778427968 ], [ 92.08741629395665, 26.910903720447635 ], [ 92.101163203928522, 26.970888803681039 ], [ 92.093684891347351, 26.99582070475433 ], [ 92.094776772386169, 27.020852896115152 ], [ 92.071301330051625, 27.033581129010482 ], [ 92.055469054988791, 27.064977436818971 ], [ 92.036361136809518, 27.064977436818971 ], [ 92.025442326421356, 27.077705669714305 ], [ 92.013977575513792, 27.127770052435949 ], [ 92.028172029018393, 27.151529420507238 ], [ 92.015069456552595, 27.175288788578523 ], [ 92.047825887717082, 27.202442352088568 ], [ 92.061474400702281, 27.236808580905969 ], [ 92.057652817066426, 27.258022302398189 ], [ 92.031447672134846, 27.279660298320255 ], [ 92.062020341221682, 27.290267159066367 ], [ 92.093684891347351, 27.282205944899321 ], [ 92.110609047449003, 27.288994335776835 ], [ 92.112246869007222, 27.300449745382632 ], [ 92.050555590314119, 27.340331541788011 ], [ 92.052193411872338, 27.358575342271322 ], [ 92.047632396816525, 27.367867786437095 ], [ 92.043962123953861, 27.392026356726944 ], [ 92.039989229544815, 27.436175969642047 ], [ 92.036598076752057, 27.452489878225549 ], [ 92.013784084613235, 27.490058822232292 ] ] ] } },
{ "type": "Feature", "properties": { "dt_code": "763", "district": "Kra Daadi", "st_code": "12", "year": "2015_c", "st_nm": "Arunachal Pradesh", "headquarter": null, "area": null, "forest_land": null, "schools": null, "colleges": null, "hospitals": null, "bdo": null }, "geometry": { "type": "Polygon", "coordinates": [ [ [ 93.456704877408541, 28.272420870865428 ], [ 93.479634379223683, 28.281330633892161 ], [ 93.554974170901986, 28.259268363540251 ], [ 93.560979516615461, 28.260541186829784 ], [ 93.603016936609876, 28.269450949856516 ], [ 93.625568245578449, 28.269678222911534 ], [ 93.638876408495619, 28.307301748157396 ], [ 93.673897889856562, 28.303601663204788 ], [ 93.686505623146488, 28.319634435146003 ], [ 93.718024956371352, 28.315934779216867 ], [ 93.746042141460109, 28.284482507862144 ], [ 93.772658467294434, 28.282015269936597 ], [ 93.783865341329928, 28.261041439894814 ], [ 93.818886822690871, 28.262275308895699 ], [ 93.825190689335841, 28.249935976149978 ], [ 93.853207874424598, 28.238212287307288 ], [ 93.849005296661289, 28.217229839067961 ], [ 93.861613029951187, 28.192539326220889 ], [ 93.856009592933447, 28.169695522888887 ], [ 93.876322052122788, 28.15919808556264 ], [ 93.892365411896122, 28.128591839148164 ], [ 93.876533136833288, 28.120954899410965 ], [ 93.887528926158282, 28.110402371394343 ], [ 93.899436229821006, 28.098045502057914 ], [ 93.893132363176036, 28.085687209706617 ], [ 93.883326348394974, 28.05293085600292 ], [ 93.921149548264808, 28.02634761103495 ], [ 93.9246516964009, 28.003468399594201 ], [ 93.951968451862427, 27.996047071077701 ], [ 93.953369311116873, 27.981821429677801 ], [ 93.98138649620563, 27.970687009830559 ], [ 93.972280911051769, 27.960788782974419 ], [ 93.951268022235212, 27.95831408440872 ], [ 93.955470599998534, 27.936039244684004 ], [ 93.922550407519239, 27.923662348925074 ], [ 93.909942674229299, 27.890237652693486 ], [ 93.92395126677367, 27.874759759880003 ], [ 93.94426372596304, 27.871044736459716 ], [ 93.958272318507412, 27.856802633339996 ], [ 93.943563296335796, 27.834506889419107 ], [ 93.927453414909778, 27.804772103761405 ], [ 93.907140955720422, 27.793619460246774 ], [ 93.886128066903865, 27.794239081578176 ], [ 93.901537518702668, 27.776888349364743 ], [ 93.9176474001287, 27.772550233766534 ], [ 93.909942674229299, 27.734119375044195 ], [ 93.879824200258895, 27.72667957795063 ], [ 93.861613029951187, 27.71551893022087 ], [ 93.845503148525168, 27.718619224734923 ], [ 93.822083019017285, 27.710688561812219 ], [ 93.787325980186239, 27.701979540786297 ], [ 93.749289975427729, 27.696173140585458 ], [ 93.714532936596669, 27.669459721743173 ], [ 93.682399070507586, 27.661328254067616 ], [ 93.649609411233016, 27.64099693857667 ], [ 93.572225815345007, 27.595092366809979 ], [ 93.559765744820666, 27.599160637343573 ], [ 93.547305674296325, 27.593929976066907 ], [ 93.530255051473532, 27.603228756872454 ], [ 93.511892842279792, 27.61427003428869 ], [ 93.514516015021741, 27.634606316009592 ], [ 93.536157190142958, 27.646806271547732 ], [ 93.537257431752465, 27.64739699313408 ], [ 93.537468776513947, 27.701979540786297 ], [ 93.523697119618632, 27.715913640712316 ], [ 93.525664499175107, 27.735070121436991 ], [ 93.551240433409276, 27.765829543485797 ], [ 93.593866990466225, 27.791359064835873 ], [ 93.61485237240197, 27.858635425864271 ], [ 93.601925055571073, 27.907544861199213 ], [ 93.629279822482772, 27.948465423002222 ], [ 93.60632706099058, 27.977426922544606 ], [ 93.627968236111798, 28.032432348944042 ], [ 93.571330742144411, 28.061116749357673 ], [ 93.533457711278729, 28.065795575801747 ], [ 93.515171808207242, 28.085673977597175 ], [ 93.4954980126425, 28.107657386344641 ], [ 93.488284287602085, 28.132527916559042 ], [ 93.472545251150279, 28.201903512757923 ], [ 93.469922078408317, 28.272966780109808 ], [ 93.456704877408541, 28.272420870865428 ] ] ] } },
{ "type": "Feature", "properties": { "dt_code": "762", "district": "Namsai", "st_code": "12", "year": "2014_c", "st_nm": "Arunachal Pradesh", "headquarter": null, "area": null, "forest_land": null, "schools": null, "colleges": null, "hospitals": null, "bdo": null }, "geometry": { "type": "Polygon", "coordinates": [ [ [ 96.271896344173541, 27.599752941453428 ], [ 96.307606269757045, 27.566852494034134 ], [ 96.293957756771846, 27.558791279867091 ], [ 96.224623310807033, 27.568125317323666 ], [ 96.140040357604619, 27.609992028446527 ], [ 96.12916563706284, 27.618423499239018 ], [ 96.06731566398156, 27.600355267172777 ], [ 96.055761273405921, 27.590115279780342 ], [ 96.008864041069572, 27.591922405885139 ], [ 95.923905286837027, 27.564812387436774 ], [ 95.92254594676929, 27.546735320640806 ], [ 95.874129497347099, 27.546911595831446 ], [ 95.874129497347099, 27.544365949252377 ], [ 95.874129497347099, 27.544365949252377 ], [ 95.863756627478352, 27.543517400392691 ], [ 95.860480984361899, 27.543093125962844 ], [ 95.814076040212228, 27.574489433771333 ], [ 95.815713861770448, 27.59697597855309 ], [ 95.815713861770448, 27.598673076272465 ], [ 95.791146538397086, 27.599521625132155 ], [ 95.788416835800049, 27.604188643860443 ], [ 95.779681787489523, 27.621159621054222 ], [ 95.795514062552357, 27.641949068116599 ], [ 95.770400798659594, 27.658071496450688 ], [ 95.775314263334266, 27.674618199214621 ], [ 95.790600597877685, 27.680133766802598 ], [ 95.767671096062543, 27.687346432109955 ], [ 95.765487333984922, 27.714924270049842 ], [ 95.755114464116161, 27.725106856366107 ], [ 95.761665750349067, 27.72722822851533 ], [ 95.778455899590895, 27.733387958943972 ], [ 95.778455899590895, 27.755043093610887 ], [ 95.832829502299731, 27.774288487186343 ], [ 95.883804754839247, 27.795334238701958 ], [ 95.927983307040179, 27.791125414271175 ], [ 95.953131098292999, 27.821184869963208 ], [ 95.991872290223057, 27.833807360709969 ], [ 96.012262391238849, 27.832004237617593 ], [ 96.023171259145485, 27.850267813170216 ], [ 96.065956323913838, 27.835009426126852 ], [ 96.11829091652109, 27.84282252673728 ], [ 96.154313428315689, 27.833807360709969 ], [ 96.182859569737815, 27.832605281977258 ], [ 96.179461219568523, 27.798340442090829 ], [ 96.173344189263773, 27.784511218084116 ], [ 96.182179899703968, 27.762260515008848 ], [ 96.203929340787496, 27.728575122227333 ], [ 96.229077132040331, 27.714737032965871 ], [ 96.239272182548234, 27.684046311165464 ], [ 96.253545253259304, 27.656357083203009 ], [ 96.279372714546, 27.632875938930155 ], [ 96.279372714546, 27.606980631594141 ], [ 96.271896344173541, 27.599752941453428 ] ] ] } },
{ "type": "Feature", "properties": { "dt_code": "761", "district": "Longding", "st_code": "12", "year": "2012_c", "st_nm": "Arunachal Pradesh", "headquarter": null, "area": null, "forest_land": null, "schools": null, "colleges": null, "hospitals": null, "bdo": null }, "geometry": { "type": "Polygon", "coordinates": [ [ [ 95.382696105214478, 27.091696344787234 ], [ 95.38324204573388, 27.090847795927544 ], [ 95.381058283656245, 27.087877874918632 ], [ 95.39361491560264, 27.079392386321746 ], [ 95.399274391585521, 27.021097861938337 ], [ 95.370885484576306, 27.009218177902692 ], [ 95.387809640677958, 26.985458809831403 ], [ 95.372064290280562, 26.917119414447583 ], [ 95.382983100668724, 26.894208595235984 ], [ 95.398815375731559, 26.882753185630186 ], [ 95.444674379361828, 26.848811231242628 ], [ 95.509095360651969, 26.858145268699207 ], [ 95.500360312341442, 26.799595397380674 ], [ 95.508549420132567, 26.774138931590009 ], [ 95.486165858836827, 26.727893018736967 ], [ 95.4632363570217, 26.724498823298209 ], [ 95.431025866376629, 26.6795257337347 ], [ 95.378069635994052, 26.665524677549833 ], [ 95.364421123008853, 26.652372170224655 ], [ 95.33930785911609, 26.655342091233567 ], [ 95.307643308990421, 26.632431272021968 ], [ 95.263422126918371, 26.637098290750256 ], [ 95.261238364840736, 26.657887737812633 ], [ 95.237762922506192, 26.664676128690147 ], [ 95.236671041467389, 26.687586947901746 ], [ 95.214287480171663, 26.710497767113345 ], [ 95.220292825885139, 26.737227056193543 ], [ 95.246497970816733, 26.763956345273744 ], [ 95.245952030297317, 26.764380619703587 ], [ 95.212103718094028, 26.776684578169075 ], [ 95.201184907705866, 26.804262416108966 ], [ 95.207190253419355, 26.828021784180251 ], [ 95.18480669212363, 26.837780096066673 ], [ 95.212649658613429, 26.864085110717028 ], [ 95.232303517312118, 26.862388012997652 ], [ 95.236125100947973, 26.884450283349562 ], [ 95.233941338870338, 26.904391181552249 ], [ 95.210465896535794, 26.92348353089525 ], [ 95.206098372380538, 26.93960595922934 ], [ 95.221843722777919, 26.942607092417116 ], [ 95.20218986407923, 26.961275167330271 ], [ 95.176716024423001, 26.996249891368453 ], [ 95.194901810919305, 27.018933475607323 ], [ 95.210188145462723, 27.012569359159656 ], [ 95.231479825719632, 27.026994689774369 ], [ 95.245674279224247, 27.007902340431368 ], [ 95.258230911170628, 27.014690731308878 ], [ 95.260414673248263, 27.016812103458101 ], [ 95.298075324706232, 27.061572860268278 ], [ 95.375052937942769, 27.104848852112411 ], [ 95.375598878462171, 27.100181833384124 ], [ 95.377782640539806, 27.088302149348479 ], [ 95.382696105214478, 27.091696344787234 ] ] ] } },
{ "type": "Feature", "properties": { "dt_code": "252", "district": "Upper Siang", "st_code": "12", "year": "2011_c", "st_nm": "Arunachal Pradesh", "headquarter": null, "area": null, "forest_land": null, "schools": null, "colleges": null, "hospitals": null, "bdo": null }, "geometry": { "type": "Polygon", "coordinates": [ [ [ 95.383328970399333, 28.312302667270806 ], [ 95.346205015079576, 28.283876280471226 ], [ 95.34183749092432, 28.244843032925541 ], [ 95.305259476123979, 28.224053585863164 ], [ 95.303075714046358, 28.202415589941097 ], [ 95.26977334236247, 28.197324296782963 ], [ 95.227735922368055, 28.155745402658209 ], [ 95.2239143387322, 28.151926932789607 ], [ 95.192249788606532, 28.164655165684941 ], [ 95.171504048869025, 28.196475747923273 ], [ 95.137109796146319, 28.20368841323063 ], [ 95.130558509913428, 28.216840920555807 ], [ 95.138747617704553, 28.228720604591452 ], [ 95.106537127059482, 28.263511107838696 ], [ 95.11745593744763, 28.376368106177313 ], [ 95.082515744205523, 28.395036181090468 ], [ 95.081423863166705, 28.414977079293159 ], [ 95.104353364981847, 28.444252014952426 ], [ 95.110904651214739, 28.46292008986558 ], [ 95.10162366238481, 28.483709536927957 ], [ 95.110358710695337, 28.500680514121733 ], [ 95.084153565763756, 28.526561254342244 ], [ 95.038294562133473, 28.515530119166289 ], [ 94.988613974867349, 28.52910690092131 ], [ 94.972235759285113, 28.565594501887933 ], [ 94.958041305780512, 28.572807167195286 ], [ 94.901809432281482, 28.549047799124001 ], [ 94.819918354370287, 28.568140148466998 ], [ 94.795351030996926, 28.546077878115089 ], [ 94.758773016196585, 28.534198194079444 ], [ 94.739836323048721, 28.561039338083059 ], [ 94.74676232476962, 28.588081046669686 ], [ 94.735213256767409, 28.639174488604368 ], [ 94.745670443730802, 28.686512714393597 ], [ 94.706319092509318, 28.739548513964017 ], [ 94.655465363415061, 28.76184077792411 ], [ 94.619636599734989, 28.800334385363364 ], [ 94.588430902336242, 28.813499988913691 ], [ 94.578029003203312, 28.830714036778229 ], [ 94.552602138656184, 28.819575860169252 ], [ 94.532954106960673, 28.831726539198304 ], [ 94.520240674687116, 28.845900538806678 ], [ 94.489034977288341, 28.868170065001905 ], [ 94.469386945592845, 28.894482444894077 ], [ 94.450894680467655, 28.913706506338713 ], [ 94.434713948483108, 28.940007344205654 ], [ 94.393106351951445, 28.969335020435995 ], [ 94.40235248451404, 29.001686951995946 ], [ 94.366523720833996, 29.024933650273645 ], [ 94.343408389427495, 29.056257877322132 ], [ 94.325691665636583, 29.057524803174633 ], [ 94.269439328926737, 29.058278468637237 ], [ 94.235312060832996, 29.075808157469147 ], [ 94.308468090433664, 29.140297870805501 ], [ 94.377256595879075, 29.144540615103946 ], [ 94.393088870941909, 29.182301039360102 ], [ 94.452050447037976, 29.218788640326721 ], [ 94.514833606769884, 29.208606054010456 ], [ 94.578708647540623, 29.220910012475944 ], [ 94.598362506239312, 29.272671492916967 ], [ 94.639853985714311, 29.304916349585142 ], [ 94.649134974544253, 29.340555401692075 ], [ 94.679611640882428, 29.327591377888538 ], [ 94.739119157497896, 29.281769739465339 ], [ 94.793167268919291, 29.225765514725872 ], [ 94.798626674113379, 29.194793481347229 ], [ 94.804280400848143, 29.156473197788461 ], [ 94.878528311487642, 29.176414095991149 ], [ 94.925479196156715, 29.153927551209392 ], [ 94.974067902384036, 29.151381904630327 ], [ 95.029207894844234, 29.12210696897106 ], [ 94.993175820563309, 29.165382960815194 ], [ 95.004094630951471, 29.164958686385347 ], [ 95.046132050945886, 29.14416923932297 ], [ 95.104547686522537, 29.135259476296238 ], [ 95.12802312885708, 29.10768163835635 ], [ 95.256865091437376, 29.101317521908683 ], [ 95.251211364702598, 29.067086877964055 ], [ 95.26977334236247, 29.049691626340433 ], [ 95.275778688075945, 29.028902179278056 ], [ 95.24575195950851, 29.001324341338169 ], [ 95.263222056129564, 28.965685289231235 ], [ 95.257216710416074, 28.951684233046368 ], [ 95.257216710416074, 28.951259958616525 ], [ 95.281238093270034, 28.945744391028548 ], [ 95.301437892488124, 28.958472623923878 ], [ 95.327643037419705, 28.928349139404922 ], [ 95.318907989109178, 28.911378162211147 ], [ 95.328188977939121, 28.895255733877057 ], [ 95.317270167550959, 28.886770245280168 ], [ 95.32382145378385, 28.844342802295728 ], [ 95.356031944428921, 28.82567472738257 ], [ 95.360945409103593, 28.790884224135326 ], [ 95.377869565205245, 28.779004540099685 ], [ 95.372956100530573, 28.765427758344661 ], [ 95.392609959229262, 28.742092664703218 ], [ 95.3538481823513, 28.706877887026128 ], [ 95.372956100530573, 28.621174452197554 ], [ 95.383328970399333, 28.572807167195286 ], [ 95.402982829098008, 28.569837246186378 ], [ 95.410080055850315, 28.554563366711978 ], [ 95.396431542865116, 28.532501096360065 ], [ 95.395339661826299, 28.531228273070532 ], [ 95.394793721306897, 28.529955449780999 ], [ 95.395339661826299, 28.529955449780999 ], [ 95.394793721306897, 28.512984472587224 ], [ 95.338561847807867, 28.476921146050447 ], [ 95.339653728846685, 28.440857819513667 ], [ 95.319999870147996, 28.426432488898957 ], [ 95.339107788327283, 28.406915865126113 ], [ 95.338015907288465, 28.365761245431205 ], [ 95.369134516894718, 28.358124305694005 ], [ 95.382783029879917, 28.313575490560339 ], [ 95.383328970399333, 28.312302667270806 ] ] ] } },
{ "type": "Feature", "properties": { "dt_code": "779", "district": "Lower Siang", "st_code": "12", "year": "2018", "st_nm": "Arunachal Pradesh", "headquarter": null, "area": null, "forest_land": null, "schools": null, "colleges": null, "hospitals": null, "bdo": null }, "geometry": { "type": "Polygon", "coordinates": [ [ [ 94.318199017034345, 27.773049866938528 ], [ 94.334577232616581, 27.760321634043194 ], [ 94.335123173135997, 27.760321634043194 ], [ 94.382074057805085, 27.797233509439661 ], [ 94.4383059313041, 27.812931663343907 ], [ 94.44431127701759, 27.828629817248149 ], [ 94.582434228427815, 27.860026125056638 ], [ 94.588985514660706, 27.861723222776014 ], [ 94.589531455180108, 27.866390241504305 ], [ 94.594990860374196, 27.87063298580275 ], [ 94.631568875174523, 27.866814515934148 ], [ 94.654998913293099, 27.865350140248943 ], [ 94.670493303422731, 27.843431457948576 ], [ 94.717281536721586, 27.825235621809394 ], [ 94.723832822954478, 27.794687862860595 ], [ 94.780503473343146, 27.764624643301779 ], [ 94.817690009654257, 27.779705150203132 ], [ 94.900171610723262, 27.823114249660172 ], [ 94.933123216120038, 27.846856544130915 ], [ 94.909452599553191, 27.859601850626792 ], [ 94.909452599553191, 27.860026125056638 ], [ 94.908906659033789, 27.860026125056638 ], [ 94.905631015917336, 27.880391297689172 ], [ 94.875793972640395, 27.907120348964721 ], [ 94.875019253133914, 27.933817444505621 ], [ 94.857200704484839, 27.942715011183168 ], [ 94.857200704484839, 27.969403313548419 ], [ 94.870877156819532, 28.001554473540757 ], [ 94.894166265009773, 28.0153105663797 ], [ 94.894166265009773, 28.015734840809547 ], [ 94.933123216120038, 28.04053984320684 ], [ 95.00362269120987, 28.038488486022555 ], [ 95.033062032456186, 28.054214558017865 ], [ 95.060951934689527, 28.045326191178088 ], [ 95.074201885220447, 28.022004204744299 ], [ 95.089067030438414, 27.967791830237125 ], [ 95.055528898144161, 27.871513971157103 ], [ 95.096589031987705, 27.912597213645167 ], [ 95.120731580564083, 27.903302116900768 ], [ 95.115272175370009, 27.856631929617883 ], [ 95.163989629051613, 27.815341672506648 ], [ 94.963337276872835, 27.750913277994634 ], [ 94.852128845015358, 27.727652502945173 ], [ 94.840664094107794, 27.700498939435132 ], [ 94.793713209438707, 27.695407646276998 ], [ 94.754405492041329, 27.660617143029754 ], [ 94.724924703993295, 27.669102631626643 ], [ 94.709092428930461, 27.656798673161155 ], [ 94.687800748673553, 27.665284161758041 ], [ 94.682341343479465, 27.646191812415044 ], [ 94.66268748478079, 27.645343263555354 ], [ 94.633206696732756, 27.624129542063134 ], [ 94.587347693102487, 27.618613974475153 ], [ 94.574245120636689, 27.6037643694306 ], [ 94.544764332588656, 27.601218722851534 ], [ 94.498905328958386, 27.572368061622111 ], [ 94.477613648701478, 27.576186531490713 ], [ 94.461781373638644, 27.555397084428336 ], [ 94.431754645071209, 27.600370173991845 ], [ 94.431754645071209, 27.600370173991845 ], [ 94.431754645071209, 27.600370173991845 ], [ 94.364603961184017, 27.574489433771333 ], [ 94.362966139625797, 27.574913708201176 ], [ 94.297999217816255, 27.602067271711221 ], [ 94.277253478078748, 27.589763313245733 ], [ 94.254323976263606, 27.614371230176712 ], [ 94.257599619380059, 27.617765425615467 ], [ 94.266880608209988, 27.627523737501889 ], [ 94.266334667690586, 27.628372286361575 ], [ 94.264696846132367, 27.630917932940644 ], [ 94.261421203015914, 27.636009226098775 ], [ 94.256507738341242, 27.635160677239089 ], [ 94.246134868472495, 27.633887853949552 ], [ 94.237399820161968, 27.63261503066002 ], [ 94.223751307176769, 27.61818970004531 ], [ 94.212286556269191, 27.606734290439512 ], [ 94.209556853672154, 27.608855662588734 ], [ 94.256378608587823, 27.648664281932145 ], [ 94.355915129500602, 27.710051900796955 ], [ 94.353685150795869, 27.722985484216885 ], [ 94.353685150795869, 27.72722822851533 ], [ 94.349863567160014, 27.729773875094395 ], [ 94.335669113655399, 27.724682581936264 ], [ 94.335669113655399, 27.725106856366107 ], [ 94.313831492879075, 27.739956461410664 ], [ 94.312739611840271, 27.74080501027035 ], [ 94.317107135995528, 27.768807122640084 ], [ 94.318199017034345, 27.773049866938528 ] ] ] } },
{ "type": "Feature", "properties": { "dt_code": "257", "district": "Upper Dibang Valley", "st_code": "12", "year": "2011_c", "st_nm": "Arunachal Pradesh", "headquarter": null, "area": null, "forest_land": null, "schools": null, "colleges": null, "hospitals": null, "bdo": null }, "geometry": { "type": "Polygon", "coordinates": [ [ [ 95.413307324515443, 28.543634817155546 ], [ 95.394793721306897, 28.529955449780999 ], [ 95.395339661826299, 28.531228273070532 ], [ 95.396431542865116, 28.532501096360065 ], [ 95.410080055850315, 28.554563366711978 ], [ 95.402982829098008, 28.569837246186378 ], [ 95.383328970399333, 28.572807167195286 ], [ 95.372956100530573, 28.621174452197554 ], [ 95.3538481823513, 28.706877887026128 ], [ 95.392609959229262, 28.742092664703218 ], [ 95.372956100530573, 28.765427758344661 ], [ 95.377869565205245, 28.779004540099685 ], [ 95.360945409103593, 28.790884224135326 ], [ 95.356031944428921, 28.82567472738257 ], [ 95.32382145378385, 28.844342802295728 ], [ 95.317270167550959, 28.886770245280168 ], [ 95.328188977939121, 28.895255733877057 ], [ 95.318907989109178, 28.911378162211147 ], [ 95.327643037419705, 28.928349139404922 ], [ 95.301437892488124, 28.958472623923878 ], [ 95.281238093270034, 28.945744391028548 ], [ 95.257216710416074, 28.951259958616525 ], [ 95.257216710416074, 28.951684233046368 ], [ 95.263222056129564, 28.965685289231235 ], [ 95.24575195950851, 29.001324341338169 ], [ 95.275778688075945, 29.028902179278056 ], [ 95.26977334236247, 29.049691626340433 ], [ 95.267589580284834, 29.0560557427881 ], [ 95.287243438983523, 29.060722761516388 ], [ 95.400799067020387, 29.033569198006344 ], [ 95.455393118961183, 29.035266295725723 ], [ 95.487057669086838, 29.074299543271408 ], [ 95.497430538955598, 29.138789256607765 ], [ 95.547657066741124, 29.126909572572121 ], [ 95.538922018430597, 29.212613007400694 ], [ 95.586964784138502, 29.216431477269296 ], [ 95.600067356604299, 29.260556017973116 ], [ 95.639375074001677, 29.248252059507628 ], [ 95.703250114772402, 29.298740716659115 ], [ 95.728363378665179, 29.300862088808337 ], [ 95.779135846970121, 29.354744941398579 ], [ 95.797697824629992, 29.334804043195891 ], [ 95.849562173973752, 29.357290587977648 ], [ 95.882318605138224, 29.389959719075669 ], [ 95.958750277855344, 29.381049956048937 ], [ 96.057019571348775, 29.456995078991088 ], [ 96.088684121474444, 29.459965 ], [ 96.176580545099128, 29.362381881135782 ], [ 96.186953414967888, 29.342440982933091 ], [ 96.184223712370837, 29.307226205256004 ], [ 96.244277169505722, 29.232553905603382 ], [ 96.293411816252444, 29.232978180033228 ], [ 96.313065674951133, 29.256313273674671 ], [ 96.345822106115605, 29.26479876227156 ], [ 96.363838143256075, 29.283042562754872 ], [ 96.37584883468304, 29.28092119060565 ], [ 96.393318931304094, 29.253767627095606 ], [ 96.346913987154423, 29.168064192267028 ], [ 96.260655385087958, 29.15745733152092 ], [ 96.218072024574141, 29.135395061169007 ], [ 96.185861533929071, 29.09169479489503 ], [ 96.114889266406024, 29.074723817701255 ], [ 96.150921340686949, 29.050115900770276 ], [ 96.184769652890253, 28.985201913004079 ], [ 96.180402128734983, 28.965261014801388 ], [ 96.15528886484222, 28.952532781906058 ], [ 96.145461935492875, 28.934288981422746 ], [ 96.166207675230382, 28.902468399184414 ], [ 96.248098753141576, 28.939380274580881 ], [ 96.293411816252444, 28.995384499320345 ], [ 96.346913987154423, 29.028902179278056 ], [ 96.435902291817925, 29.033993472436187 ], [ 96.524890596481427, 29.075996640990788 ], [ 96.477393771292924, 28.99029320616221 ], [ 96.487220700642268, 28.96144254493279 ], [ 96.518339310248535, 28.967382386950611 ], [ 96.53799316894721, 28.916893729799124 ], [ 96.536901287908407, 28.879981854402658 ], [ 96.607327614912037, 28.793429870714395 ], [ 96.614424841664331, 28.760336465186526 ], [ 96.584944053616297, 28.717060473342396 ], [ 96.47193436609885, 28.683542793384685 ], [ 96.492680105836357, 28.633478410663042 ], [ 96.426621302987982, 28.582565479081708 ], [ 96.399870217537, 28.589778144389065 ], [ 96.405329622731074, 28.559230385440266 ], [ 96.353465273387314, 28.555836190001511 ], [ 96.324530425858697, 28.529531175351156 ], [ 96.351638099413293, 28.510964790690675 ], [ 96.370230411980941, 28.484923616100875 ], [ 96.34582800173591, 28.465516211378638 ], [ 96.332464777077931, 28.485434289124079 ], [ 96.297604191013619, 28.494625981177833 ], [ 96.27594171963139, 28.5070446305694 ], [ 96.255190477968696, 28.522196254375473 ], [ 96.25170441936227, 28.554352462749062 ], [ 96.193022432820669, 28.543634817155546 ], [ 96.187212335143272, 28.529342926557941 ], [ 96.17326810071755, 28.531384743897846 ], [ 96.16803901280791, 28.509943689223363 ], [ 96.11458611417595, 28.500242732316856 ], [ 96.055904127634349, 28.515049097708321 ], [ 96.040797873673142, 28.511985882273056 ], [ 96.019300512266824, 28.520664761586968 ], [ 95.972238721079989, 28.492583452106679 ], [ 95.961199535492966, 28.471645250690816 ], [ 95.924595920125427, 28.452235406737856 ], [ 95.91704279314483, 28.42260298522995 ], [ 95.89612644150624, 28.402161998230198 ], [ 95.894964421970755, 28.384272899066879 ], [ 95.864170904280613, 28.360245646345483 ], [ 95.847321621016192, 28.358711807177595 ], [ 95.840930513571081, 28.342860838088161 ], [ 95.844648709299079, 28.338607681921161 ], [ 95.883410486177041, 28.305938550823139 ], [ 95.833183958391501, 28.27454224301465 ], [ 95.796060003071759, 28.315696862709562 ], [ 95.764395452946104, 28.317393960428937 ], [ 95.735767745610389, 28.338769881347645 ], [ 95.69509706186868, 28.338258500677803 ], [ 95.689286964191282, 28.356666653809764 ], [ 95.675953088802004, 28.36236704999245 ], [ 95.647454260914117, 28.363824518205877 ], [ 95.631185987417439, 28.374049201344455 ], [ 95.591677323211201, 28.366380781360679 ], [ 95.566112893430713, 28.395517828130753 ], [ 95.573666020411309, 28.422602985229958 ], [ 95.585286215766075, 28.427201663556858 ], [ 95.57889510832095, 28.44559437876325 ], [ 95.590515303675744, 28.461940774275789 ], [ 95.592258332978957, 28.479816750036015 ], [ 95.562045825056543, 28.500753331233543 ], [ 95.551006639469506, 28.493094088079843 ], [ 95.52776624875996, 28.496157852042984 ], [ 95.517308072940665, 28.515049097708328 ], [ 95.497553740837546, 28.523217237208552 ], [ 95.467922242682874, 28.531895192051959 ], [ 95.449910939882997, 28.548228227399072 ], [ 95.413307324515443, 28.543634817155546 ] ] ] } },
{ "type": "Feature", "properties": { "dt_code": "258", "district": "Lower Dibang Valley", "st_code": "12", "year": "2011_c", "st_nm": "Arunachal Pradesh", "headquarter": null, "area": null, "forest_land": null, "schools": null, "colleges": null, "hospitals": null, "bdo": null }, "geometry": { "type": "Polygon", "coordinates": [ [ [ 96.313611615470535, 28.38358077148467 ], [ 96.30378468612119, 28.373822459598248 ], [ 96.306514388718227, 28.371276813019183 ], [ 96.30542250767941, 28.369579715299803 ], [ 96.290136173135991, 28.344547523938981 ], [ 96.24707301099248, 28.301730489259185 ], [ 96.25035367996982, 28.256467581111632 ], [ 96.21534232197709, 28.230841976740674 ], [ 96.205517870612837, 28.213112737354294 ], [ 96.184740300423002, 28.219857981032682 ], [ 96.119126920876198, 28.204439655171402 ], [ 96.089600900080129, 28.210221788207299 ], [ 96.064449104587183, 28.188055245526947 ], [ 96.076478224170785, 28.153350559672813 ], [ 96.062261991935614, 28.139851253450043 ], [ 96.02726818951065, 28.104166327280893 ], [ 96.045302921598875, 28.074632139649395 ], [ 96.039833513190487, 28.039639014743653 ], [ 96.020006907710069, 27.980486832087269 ], [ 95.998129274076533, 27.947878897654356 ], [ 95.965312823626178, 27.909823860443215 ], [ 95.935231077380038, 27.895323179877018 ], [ 95.971852850321142, 27.962700537078991 ], [ 95.847924352415518, 27.969488927956501 ], [ 95.820081385925718, 27.97118602567588 ], [ 95.819535445406302, 27.97118602567588 ], [ 95.606618642837191, 27.955063597341791 ], [ 95.606618642837191, 27.954639322911948 ], [ 95.585872903099684, 27.936819796858479 ], [ 95.570586568556266, 27.937668345718169 ], [ 95.57004062803685, 27.935971247998793 ], [ 95.563489341803958, 27.919424545234858 ], [ 95.519268159731908, 27.883361218698081 ], [ 95.556059173404805, 27.998362934291986 ], [ 95.577999421403334, 28.05910463697818 ], [ 95.580991273403129, 28.108377033871452 ], [ 95.564035282323374, 28.255025619241806 ], [ 95.562943401284556, 28.256298442531339 ], [ 95.537284196872378, 28.283452006041383 ], [ 95.535100434794742, 28.284724829330916 ], [ 95.47613885869869, 28.261814010119316 ], [ 95.465220048310528, 28.257571265820872 ], [ 95.465220048310528, 28.257571265820872 ], [ 95.455393118961183, 28.277512164023562 ], [ 95.436831141301312, 28.313999764990182 ], [ 95.389334316112809, 28.307635648542515 ], [ 95.384420851438136, 28.312302667270806 ], [ 95.383328970399333, 28.312302667270806 ], [ 95.382783029879917, 28.313575490560339 ], [ 95.369134516894718, 28.358124305694005 ], [ 95.338015907288465, 28.365761245431205 ], [ 95.339107788327283, 28.406915865126113 ], [ 95.319999870147996, 28.426432488898957 ], [ 95.339653728846685, 28.440857819513667 ], [ 95.338561847807867, 28.476921146050447 ], [ 95.394793721306897, 28.512984472587224 ], [ 95.395339661826299, 28.529955449780999 ], [ 95.413888334283186, 28.543634817155546 ], [ 95.449329930115255, 28.549759319628251 ], [ 95.471408301289316, 28.530363840172537 ], [ 95.517889082708393, 28.514028035782104 ], [ 95.529509278063188, 28.497689700674492 ], [ 95.551006639469506, 28.492072813663306 ], [ 95.564369864127499, 28.500753331233543 ], [ 95.594001362282157, 28.479816750036015 ], [ 95.592258332978957, 28.460408407061013 ], [ 95.580638137624163, 28.445083513183736 ], [ 95.587029245069303, 28.42771261548312 ], [ 95.573666020411309, 28.423624931011705 ], [ 95.566112893430713, 28.399095509948086 ], [ 95.589934293908001, 28.366892026602429 ], [ 95.631766997185167, 28.374560409636132 ], [ 95.648616280449602, 28.363313258185912 ], [ 95.675953088802004, 28.36236704999245 ], [ 95.689867973959025, 28.35615535931133 ], [ 95.694516052100937, 28.337747117546442 ], [ 95.738091784681345, 28.340304008587754 ], [ 95.764395452946104, 28.317393960428937 ], [ 95.796060003071759, 28.315696862709562 ], [ 95.833183958391501, 28.27454224301465 ], [ 95.883410486177041, 28.305938550823139 ], [ 95.856268904653831, 28.331961045529493 ], [ 95.839187484267839, 28.341326747773028 ], [ 95.845578591712993, 28.35615535931133 ], [ 95.861728309847905, 28.35953888346938 ], [ 95.894383412203013, 28.384784058081692 ], [ 95.894383412203013, 28.403695209092465 ], [ 95.914718754073874, 28.422092008639648 ], [ 95.922271881054471, 28.452235406737856 ], [ 95.959456506189753, 28.469602277088779 ], [ 95.973400740615475, 28.491562172749763 ], [ 96.01755748296361, 28.520664761586968 ], [ 96.0402168639054, 28.510454241192619 ], [ 96.055323117866621, 28.515049097708321 ], [ 96.113424094640479, 28.501774521654923 ], [ 96.16803901280791, 28.509943689223363 ], [ 96.172106081182065, 28.531895192051959 ], [ 96.186631325375544, 28.528322003054317 ], [ 96.191860413285184, 28.540572432370908 ], [ 96.25170441936227, 28.553842123407669 ], [ 96.254609468200954, 28.522196254375473 ], [ 96.27594171963139, 28.5070446305694 ], [ 96.296442171478134, 28.495647230891628 ], [ 96.33130275754246, 28.484923616100875 ], [ 96.348152040806866, 28.472155987918828 ], [ 96.262293206646177, 28.408612962845492 ], [ 96.303238745601789, 28.399703199818759 ], [ 96.313611615470535, 28.38358077148467 ] ] ] } },
{ "type": "Feature", "properties": { "dt_code": "764", "district": "Siang", "st_code": "12", "year": "2015_c", "st_nm": "Arunachal Pradesh", "headquarter": null, "area": null, "forest_land": null, "schools": null, "colleges": null, "hospitals": null, "bdo": null }, "geometry": { "type": "Polygon", "coordinates": [ [ [ 95.2239143387322, 28.151926932789607 ], [ 95.225958169426974, 28.122450707556311 ], [ 95.215985329427653, 28.102219220889157 ], [ 95.226955453426925, 28.092541943589218 ], [ 95.227952737426847, 28.076704516906595 ], [ 95.203020637428523, 28.05910463697818 ], [ 95.115272175370009, 28.024220329406432 ], [ 95.067229409662104, 28.023371780546746 ], [ 95.060409025438105, 28.04326228073808 ], [ 95.033482357439908, 28.052943998025473 ], [ 94.999574701442199, 28.037100734130362 ], [ 94.932756673446676, 28.040621661119982 ], [ 94.905830005448493, 28.071424855628532 ], [ 94.934751241446563, 28.088142892723784 ], [ 94.949710501445551, 28.111015988374394 ], [ 94.903835437448635, 28.139160795637604 ], [ 94.908360718514373, 28.158715323667121 ], [ 94.893862597449285, 28.18839641791147 ], [ 94.889873461449568, 28.225308262389994 ], [ 94.836842510471925, 28.219386567134872 ], [ 94.825050001453931, 28.186638392946804 ], [ 94.793136913456067, 28.173452284358632 ], [ 94.763218393458089, 28.192791353843973 ], [ 94.740280861459624, 28.224429557191883 ], [ 94.74726184945915, 28.246395016780454 ], [ 94.732302589460147, 28.281530343134992 ], [ 94.705375921461965, 28.284165025566423 ], [ 94.684432957463358, 28.313142228945754 ], [ 94.688422093463089, 28.33596719379587 ], [ 94.671468265464242, 28.351766220942643 ], [ 94.698394933462424, 28.359664853144732 ], [ 94.703381353462092, 28.385112002849961 ], [ 94.68642752546323, 28.400026459047734 ], [ 94.619609497467735, 28.377215264801759 ], [ 94.597669249469192, 28.395640072127833 ], [ 94.576726285470613, 28.396517364036015 ], [ 94.549799617472416, 28.409675871142454 ], [ 94.52885665347381, 28.4140616769952 ], [ 94.533843073473491, 28.435111016594458 ], [ 94.526312874332902, 28.475041805308287 ], [ 94.570534056404952, 28.48310301947533 ], [ 94.568896234846733, 28.495406977940817 ], [ 94.584182569390151, 28.508983759695841 ], [ 94.563982770172061, 28.54801700724153 ], [ 94.561799008094425, 28.603172683121304 ], [ 94.506659015634227, 28.614628092727106 ], [ 94.49355644316843, 28.640084558517771 ], [ 94.510480599270082, 28.705422820713814 ], [ 94.45970813096514, 28.769063985190478 ], [ 94.468443179275667, 28.791550529972234 ], [ 94.461891893042761, 28.824219661070256 ], [ 94.44933526109638, 28.827189582079168 ], [ 94.420400413567762, 28.868344201774075 ], [ 94.413303186815455, 28.884890904538011 ], [ 94.404022197985526, 28.906104626030231 ], [ 94.382704452818516, 28.957200437635059 ], [ 94.40235248451404, 29.003708611665882 ], [ 94.394262118521752, 28.967312688749956 ], [ 94.433558181912773, 28.943041626875267 ], [ 94.445701778451209, 28.917203519013423 ], [ 94.475728507018658, 28.889201406643689 ], [ 94.493658043569653, 28.864121415029178 ], [ 94.521041570129512, 28.842531219360801 ], [ 94.553757905226519, 28.822613662870701 ], [ 94.579184769773647, 28.832739031769108 ], [ 94.588430902336242, 28.815525318715729 ], [ 94.629683733491703, 28.797558129797292 ], [ 94.655465363415061, 28.762853949576158 ], [ 94.707474859079653, 28.741575280033334 ], [ 94.745670443730802, 28.686512714393597 ], [ 94.732901723626782, 28.63714573926876 ], [ 94.74676232476962, 28.588081046669686 ], [ 94.743303622759697, 28.562054452535342 ], [ 94.758773016196585, 28.534198194079444 ], [ 94.795351030996926, 28.546077878115089 ], [ 94.819918354370287, 28.568140148466998 ], [ 94.901809432281482, 28.549047799124001 ], [ 94.958041305780512, 28.572807167195286 ], [ 94.972235759285113, 28.565594501887933 ], [ 94.988613974867349, 28.52910690092131 ], [ 95.038294562133473, 28.515530119166289 ], [ 95.084153565763756, 28.526561254342244 ], [ 95.110358710695337, 28.500680514121733 ], [ 95.10162366238481, 28.483709536927957 ], [ 95.110904651214739, 28.46292008986558 ], [ 95.104353364981847, 28.444252014952426 ], [ 95.081423863166705, 28.414977079293159 ], [ 95.082515744205523, 28.395036181090468 ], [ 95.11745593744763, 28.376368106177313 ], [ 95.106537127059482, 28.263511107838696 ], [ 95.138747617704553, 28.228720604591452 ], [ 95.130558509913428, 28.216840920555807 ], [ 95.154153721431797, 28.211248111309878 ], [ 95.171504048869025, 28.196475747923273 ], [ 95.192249788606532, 28.164655165684941 ], [ 95.2239143387322, 28.151926932789607 ] ] ] } },
{ "type": "Feature", "properties": { "dt_code": "785", "district": "Shi Yomi", "st_code": "12", "year": "2018", "st_nm": "Arunachal Pradesh", "headquarter": null, "area": null, "forest_land": null, "schools": null, "colleges": null, "hospitals": null, "bdo": null }, "geometry": { "type": "Polygon", "coordinates": [ [ [ 94.436109241480082, 28.360542442667725 ], [ 94.41117714148173, 28.333333794147073 ], [ 94.388239609483279, 28.328944649705242 ], [ 94.365302077484813, 28.344744721229926 ], [ 94.36787960430047, 28.353033012535871 ], [ 94.329663767941909, 28.357700031264159 ], [ 94.308372087685001, 28.375519557317627 ], [ 94.301820801452109, 28.395884729950158 ], [ 94.308372087685001, 28.417098451442381 ], [ 94.292539812622167, 28.428978135478026 ], [ 94.241767344317225, 28.446797661531491 ], [ 94.231394474448479, 28.428129586618336 ], [ 94.208437605094261, 28.422636274222697 ], [ 94.17330553980797, 28.425888568165362 ], [ 94.161286675367919, 28.429953795075527 ], [ 94.148411515498466, 28.439584996224134 ], [ 94.114563203295162, 28.475648322760911 ], [ 94.121531969912368, 28.51772456030189 ], [ 94.09749424103228, 28.530721431947985 ], [ 94.07143390226193, 28.539289487237578 ], [ 94.010588605850387, 28.580257299214296 ], [ 94.004116909613444, 28.598116973465402 ], [ 93.991173517139543, 28.600552148506967 ], [ 93.993947101241091, 28.61921994887825 ], [ 93.979154652699492, 28.637073000839145 ], [ 93.962513148090196, 28.641941487952234 ], [ 93.966211260225592, 28.656545593621072 ], [ 93.953267867751705, 28.670336492437166 ], [ 93.985626348936435, 28.712509149903937 ], [ 93.989787832010023, 28.747666254793003 ], [ 94.022544263174495, 28.771849897294139 ], [ 94.006711988111661, 28.794760716505738 ], [ 94.021452382135678, 28.816398712427805 ], [ 94.016538917461006, 28.838036708349868 ], [ 94.051479110703127, 28.849916392385513 ], [ 94.088057125503454, 28.892768109799803 ], [ 94.176499489647554, 28.951317981118333 ], [ 94.206526218214989, 29.035748592657377 ], [ 94.24861984949267, 29.081196451452264 ], [ 94.277541085490725, 29.062020387256918 ], [ 94.30646232148878, 29.068122249245455 ], [ 94.342364545486362, 29.054174605465978 ], [ 94.365302077484813, 29.027145677722739 ], [ 94.402201585482345, 29.001854144291052 ], [ 94.381258621483752, 28.958233516589193 ], [ 94.395722570790284, 28.932167609273524 ], [ 94.401005715898563, 28.905413586299844 ], [ 94.410286704728492, 28.884199864807623 ], [ 94.417383931480799, 28.867653162043688 ], [ 94.446318779009417, 28.82649854234878 ], [ 94.458875410955798, 28.823528621339868 ], [ 94.465426697188704, 28.790859490241846 ], [ 94.456691648878177, 28.76837294546009 ], [ 94.507464117183119, 28.704731780983426 ], [ 94.490539961081467, 28.639393518787383 ], [ 94.503642533547264, 28.613937052996718 ], [ 94.558782526007462, 28.602481643390917 ], [ 94.560966288085098, 28.547325967511142 ], [ 94.581166087303188, 28.508292719965453 ], [ 94.56587975275977, 28.49471593821043 ], [ 94.567517574317989, 28.482411979744942 ], [ 94.527859369473916, 28.464923747286399 ], [ 94.529853937473774, 28.43072608269139 ], [ 94.51090554147504, 28.411430215276983 ], [ 94.50492183747545, 28.393008152832991 ], [ 94.485256815973187, 28.395884729950158 ], [ 94.472011465477649, 28.407044300459965 ], [ 94.452065785478993, 28.403535437858817 ], [ 94.454060353478852, 28.378092709177405 ], [ 94.436109241480082, 28.360542442667725 ] ] ] } },
{ "type": "Feature", "properties": { "dt_code": "783", "district": "Pakke Kessang", "st_code": "12", "year": "2018", "st_nm": "Arunachal Pradesh", "headquarter": null, "area": null, "forest_land": null, "schools": null, "colleges": null, "hospitals": null, "bdo": null }, "geometry": { "type": "Polygon", "coordinates": [ [ [ 93.330046676905894, 27.354715279111915 ], [ 93.319673807037134, 27.347926888234404 ], [ 93.303295591454898, 27.341138497356894 ], [ 93.288009256911479, 27.327561715601874 ], [ 93.294014602624969, 27.289801291345718 ], [ 93.22577203769896, 27.252040867089562 ], [ 93.233961145490085, 27.238039810904695 ], [ 93.22413421614074, 27.235069889895787 ], [ 93.22413421614074, 27.235069889895787 ], [ 93.22413421614074, 27.23464561546594 ], [ 93.220858573024287, 27.211734796254341 ], [ 93.21976669198547, 27.199855112218696 ], [ 93.22577203769896, 27.201127935508232 ], [ 93.273814803406864, 27.210886247394654 ], [ 93.311484699246023, 27.172701548708655 ], [ 93.214307286791396, 27.137911045461411 ], [ 93.212123524713761, 27.117545872828877 ], [ 93.212123524713761, 27.117545872828877 ], [ 93.272176981848645, 27.10354481664401 ], [ 93.292922721586152, 27.078088350853346 ], [ 93.312576580284841, 27.079361174142878 ], [ 93.342603308852276, 27.036509456728592 ], [ 93.339873606255239, 26.992809190454615 ], [ 93.339873606255239, 26.992809190454615 ], [ 93.380819145210836, 26.984747976287569 ], [ 93.387370431443728, 26.967352724663947 ], [ 93.391192015079582, 26.958442961637214 ], [ 93.39828924183189, 26.957170138347681 ], [ 93.398835182351291, 26.957170138347681 ], [ 93.372084096900309, 26.956745863917838 ], [ 93.286917375872662, 26.954200217338769 ], [ 93.107302944987424, 26.925773830539192 ], [ 93.088195026808151, 26.914318420933395 ], [ 93.061443941357155, 26.921955360670594 ], [ 93.061443941357155, 26.921955360670594 ], [ 93.061443941357155, 26.921955360670594 ], [ 93.021590283440375, 26.913469872073705 ], [ 92.917315644233454, 26.963109980365502 ], [ 92.918407525272272, 26.982202329708503 ], [ 92.886742975146603, 27.000021855761968 ], [ 92.810857242948899, 27.015720009666214 ], [ 92.781922395420267, 27.022084126113878 ], [ 92.778100811784412, 27.022932674973568 ], [ 92.750450196977596, 27.034380046539638 ], [ 92.676555875174529, 27.030569614710767 ], [ 92.672188351019273, 27.0318424380003 ], [ 92.655868937066145, 27.037392728367127 ], [ 92.642749653351544, 27.026485752678354 ], [ 92.58655121029517, 27.04912988368088 ], [ 92.583275567178731, 27.091133052235477 ], [ 92.589826853411623, 27.113619597017234 ], [ 92.604021306916238, 27.139076062807899 ], [ 92.690204388159728, 27.171852999848966 ], [ 92.752441607372234, 27.193490995771032 ], [ 92.762814477240994, 27.190945349191963 ], [ 92.808673480871263, 27.177792841866786 ], [ 92.808673480871263, 27.176944293007097 ], [ 92.811987322804782, 27.160049825748469 ], [ 92.832293986562661, 27.161856565825271 ], [ 92.87899931320581, 27.151015686935022 ], [ 92.9307813057884, 27.17721267611395 ], [ 92.984593964746793, 27.167276610660085 ], [ 93.004900628504672, 27.193469784107254 ], [ 93.025207292262536, 27.196179071750141 ], [ 93.043483289644641, 27.253058899148133 ], [ 93.111510613233548, 27.314420373605799 ], [ 93.136893942930882, 27.369436364635941 ], [ 93.191721935077169, 27.355910375106774 ], [ 93.234365928968742, 27.373043016061175 ], [ 93.263810591417666, 27.347793988277424 ], [ 93.330046676905894, 27.354715279111915 ] ] ] } },
{ "type": "Feature", "properties": { "dt_code": "250", "district": "West Siang", "st_code": "12", "year": "2011_c", "st_nm": "Arunachal Pradesh", "headquarter": null, "area": null, "forest_land": null, "schools": null, "colleges": null, "hospitals": null, "bdo": null }, "geometry": { "type": "Polygon", "coordinates": [ [ [ 94.493974285440032, 28.009703896312288 ], [ 94.463711090682253, 28.042306550276102 ], [ 94.404697860904534, 28.058331546382362 ], [ 94.393349162870351, 28.072351458583459 ], [ 94.404697860904534, 28.091041829021936 ], [ 94.393349162870351, 28.1083942596585 ], [ 94.400133162361882, 28.122374272544366 ], [ 94.378595855425914, 28.14814965900279 ], [ 94.388595319360476, 28.168494267278028 ], [ 94.366288822891079, 28.185445153159694 ], [ 94.378595855425914, 28.196970220866845 ], [ 94.373211528691925, 28.230182579098898 ], [ 94.386287750760189, 28.245090889583896 ], [ 94.40167154142874, 28.251866705595713 ], [ 94.382441803093045, 28.290480633196307 ], [ 94.390133698427334, 28.306734940919618 ], [ 94.413978573963576, 28.314184002127522 ], [ 94.411671005363303, 28.331111746219712 ], [ 94.455514808768669, 28.379171835455562 ], [ 94.45013048203468, 28.402855419827475 ], [ 94.473206168037507, 28.408944629013071 ], [ 94.486282390105771, 28.396765860672062 ], [ 94.502927269475549, 28.394762772957836 ], [ 94.524867517474078, 28.417570190910673 ], [ 94.552791469472211, 28.410553046841862 ], [ 94.575729001470677, 28.397394648682248 ], [ 94.600661101469001, 28.396517364036015 ], [ 94.620606781467643, 28.378092709177409 ], [ 94.653517153465458, 28.389498825447973 ], [ 94.684432957463358, 28.401780962978936 ], [ 94.701386785462219, 28.385989381890276 ], [ 94.697397649462502, 28.363175167700238 ], [ 94.669473697464355, 28.350888558867855 ], [ 94.68642752546323, 28.337722757302512 ], [ 94.682438389463499, 28.314020202826825 ], [ 94.70238406946217, 28.28504323855724 ], [ 94.73429715746002, 28.280652101172016 ], [ 94.746264565459214, 28.245516485225004 ], [ 94.737289009459829, 28.223550844760496 ], [ 94.759229257458344, 28.209490462253328 ], [ 94.761223825458202, 28.192791353843973 ], [ 94.795131481455925, 28.173452284358632 ], [ 94.824052717453981, 28.185759369623991 ], [ 94.836842510471925, 28.219386567134872 ], [ 94.886881609449759, 28.226186960354685 ], [ 94.891868029449441, 28.194549277622212 ], [ 94.908360718514373, 28.158715323667121 ], [ 94.906827289448429, 28.140919600697121 ], [ 94.921786549447418, 28.12333025083062 ], [ 94.947715933445664, 28.11013634408744 ], [ 94.906827289448429, 28.067904937290177 ], [ 94.931573777107076, 28.039172276096885 ], [ 94.894166265009773, 28.015734840809547 ], [ 94.894166265009773, 28.0153105663797 ], [ 94.871646346352975, 28.000196176480635 ], [ 94.837032817348728, 28.003591887026303 ], [ 94.818572268546461, 27.988649960230781 ], [ 94.79011225580966, 27.995442001939345 ], [ 94.780112791875084, 28.00902480129416 ], [ 94.752767670483095, 28.011067822081255 ], [ 94.752221729963694, 28.011492096511102 ], [ 94.710116544333175, 28.019210776986263 ], [ 94.692425185064351, 28.043653186988703 ], [ 94.674733825795499, 28.041616531543816 ], [ 94.633966780523849, 28.062660111276411 ], [ 94.605506767787034, 28.056551109200043 ], [ 94.567693834403798, 28.049252520767254 ], [ 94.538587278378841, 28.068768766126546 ], [ 94.532433762111424, 28.043653186988703 ], [ 94.514742402842586, 28.034827401570347 ], [ 94.510127265642026, 28.011741155677914 ], [ 94.493974285440032, 28.009703896312288 ] ] ] } },
{ "type": "Feature", "properties": { "dt_code": "784", "district": "Lepa Rada", "st_code": "12", "year": "2018", "st_nm": "Arunachal Pradesh", "headquarter": null, "area": null, "forest_land": null, "schools": null, "colleges": null, "hospitals": null, "bdo": null }, "geometry": { "type": "Polygon", "coordinates": [ [ [ 94.594990860374196, 27.87063298580275 ], [ 94.593353038815962, 27.890149609575595 ], [ 94.592807098296561, 27.890149609575595 ], [ 94.592807098296561, 27.890149609575595 ], [ 94.558412845573855, 27.902453568041082 ], [ 94.53275364116169, 27.945305285455369 ], [ 94.525656414409383, 27.960154890499926 ], [ 94.511665644708884, 27.972347314308372 ], [ 94.491666716839774, 27.979140382932599 ], [ 94.497051043573762, 28.009703896312288 ], [ 94.510127265642026, 28.011741155677914 ], [ 94.515511592376029, 28.034827401570347 ], [ 94.530126193511137, 28.045010935861246 ], [ 94.53551052024514, 28.06673258642693 ], [ 94.567047291115671, 28.055193506033891 ], [ 94.573727516881036, 28.048404550583822 ], [ 94.607814336387321, 28.055193506033891 ], [ 94.636274349124136, 28.060623815829199 ], [ 94.669238771013681, 28.041191306600211 ], [ 94.69319437459778, 28.044332063567424 ], [ 94.713193302466891, 28.017852702559814 ], [ 94.752221729963694, 28.011492096511102 ], [ 94.752767670483095, 28.011067822081255 ], [ 94.781651170941956, 28.01038298704901 ], [ 94.791650634876518, 27.994762817027272 ], [ 94.821649026680163, 27.989329183659592 ], [ 94.837032817348728, 28.002912753478498 ], [ 94.869338777752674, 28.000196176480635 ], [ 94.857200704484839, 27.970087542229898 ], [ 94.859524863004282, 27.942030608993289 ], [ 94.874244533627419, 27.935870794160579 ], [ 94.874244533627419, 27.90780497221493 ], [ 94.905631015917336, 27.880391297689172 ], [ 94.908906659033789, 27.860026125056638 ], [ 94.909452599553191, 27.860026125056638 ], [ 94.909452599553191, 27.859601850626792 ], [ 94.930024338094114, 27.8475415483882 ], [ 94.913755228458001, 27.835210809861906 ], [ 94.900171610723262, 27.823114249660172 ], [ 94.813816412121852, 27.779705150203132 ], [ 94.778179314823689, 27.763253584485653 ], [ 94.723832822954478, 27.794687862860595 ], [ 94.717281536721586, 27.825235621809394 ], [ 94.672042742435693, 27.840691311131827 ], [ 94.652674754773642, 27.864665248505123 ], [ 94.631568875174523, 27.866814515934148 ], [ 94.594990860374196, 27.87063298580275 ] ] ] } },
{ "type": "Feature", "properties": { "dt_code": "778", "district": "Kamle", "st_code": "12", "year": "2018", "st_nm": "Arunachal Pradesh", "headquarter": null, "area": null, "forest_land": null, "schools": null, "colleges": null, "hospitals": null, "bdo": null }, "geometry": { "type": "Polygon", "coordinates": [ [ [ 93.972581028128204, 27.960487617108978 ], [ 93.981468217495433, 27.973046562928534 ], [ 93.998823813180678, 27.965670458087903 ], [ 94.010834504607644, 27.956336420631324 ], [ 94.023391136554039, 27.956336420631324 ], [ 94.068158259145491, 27.939365443437548 ], [ 94.104715307606867, 27.978240029665518 ], [ 94.122470537042929, 27.968749024291494 ], [ 94.141160252238777, 27.981953674019159 ], [ 94.158448238794946, 27.972050338259006 ], [ 94.18227762566967, 27.974526257441685 ], [ 94.205172526784608, 27.955542758394031 ], [ 94.230403642299009, 27.976589480018479 ], [ 94.262643401011857, 27.981128430769427 ], [ 94.30095731716338, 27.958019056333306 ], [ 94.319179789479321, 27.897746355069376 ], [ 94.330860861476751, 27.888661254244479 ], [ 94.32385221827829, 27.845703186282584 ], [ 94.353755762591661, 27.825457427287144 ], [ 94.345812633633415, 27.806034477239898 ], [ 94.348148848032906, 27.797768338642744 ], [ 94.33740226179529, 27.794461707144784 ], [ 94.32385221827829, 27.770072193766417 ], [ 94.314492228071003, 27.733228966317625 ], [ 94.341625135972009, 27.717000741493219 ], [ 94.351158319829111, 27.722843180718588 ], [ 94.360691503686226, 27.719597419795907 ], [ 94.359958181851056, 27.705964168951706 ], [ 94.255826481258026, 27.647516660259534 ], [ 94.210360527477988, 27.600736151533134 ], [ 94.226481009773806, 27.597824527412776 ], [ 94.224293642346069, 27.566937803260011 ], [ 94.258691500418877, 27.555397084428336 ], [ 94.258145559899461, 27.535031911795802 ], [ 94.273426205301931, 27.512318481459154 ], [ 94.218427067664763, 27.492805003450826 ], [ 94.159027999016615, 27.464178978983348 ], [ 94.159027999016615, 27.448561649402997 ], [ 94.139228309467242, 27.437498036231506 ], [ 94.140694953137569, 27.464829653045207 ], [ 94.123828550928849, 27.471986814216162 ], [ 94.098162286698155, 27.474589303036918 ], [ 94.063696160445531, 27.467432310883552 ], [ 94.038763218050008, 27.484348088630831 ], [ 93.925831655435033, 27.484348088630831 ], [ 93.946364666819576, 27.509716884311715 ], [ 93.975697540226051, 27.512318481459154 ], [ 94.008697022808377, 27.538331068412482 ], [ 93.985230724083181, 27.559136705548838 ], [ 93.96249774719314, 27.57408832241768 ], [ 93.952231241500868, 27.596186980634432 ], [ 93.932431551951495, 27.598136648425555 ], [ 93.900165391204339, 27.612433152448638 ], [ 93.885498954501102, 27.620880209743238 ], [ 93.915565149742761, 27.641020562836747 ], [ 93.9210353297984, 27.659685029262594 ], [ 93.908000785393156, 27.699035770374191 ], [ 93.878969300126926, 27.726310625760785 ], [ 93.909185743975442, 27.733652690555235 ], [ 93.9186654126338, 27.771404066022612 ], [ 93.900298554608241, 27.777170484511416 ], [ 93.887856489494141, 27.795516145896201 ], [ 93.907651746439541, 27.797233509439661 ], [ 93.928145081292158, 27.80652205674771 ], [ 93.959546483722974, 27.858915856671999 ], [ 93.94651193931773, 27.870962851491484 ], [ 93.925182684836429, 27.875152796626324 ], [ 93.909185743975442, 27.89138730320763 ], [ 93.924590205545272, 27.92437250862034 ], [ 93.955991607976102, 27.936412219685653 ], [ 93.951251773646902, 27.959440972316198 ], [ 93.972581028128204, 27.960487617108978 ] ] ] } },
{ "type": "Feature", "properties": { "dt_code": "999", "district": "BICHOM", "st_code": "12", "year": "999", "st_nm": "Arunachal Pradesh", "headquarter": null, "area": null, "forest_land": null, "schools": null, "colleges": null, "hospitals": null, "bdo": null }, "geometry": { "type": "Polygon", "coordinates": [ [ [ 92.362667985309372, 27.583642882430961 ], [ 92.376097361448245, 27.589594189414953 ], [ 92.373579353422215, 27.603727248866164 ], [ 92.406313457760731, 27.645371977337241 ], [ 92.4289755299951, 27.650576454359722 ], [ 92.417224825873575, 27.710038594624088 ], [ 92.423939513943026, 27.721184140865699 ], [ 92.425618185960374, 27.761298672683822 ], [ 92.469263658411748, 27.766497622885439 ], [ 92.475978346481199, 27.795458655219331 ], [ 92.475139010472503, 27.819215791907073 ], [ 92.487212641760223, 27.839947606035906 ], [ 92.516490382255526, 27.854329433426965 ], [ 92.554714099013282, 27.829879192277126 ], [ 92.581734683574894, 27.842225562410526 ], [ 92.623842097404975, 27.798948939000951 ], [ 92.661252543593406, 27.776644921535933 ], [ 92.689717013519399, 27.71618524623003 ], [ 92.70435588376705, 27.708985431021429 ], [ 92.717368212876067, 27.683062162144136 ], [ 92.718994754014702, 27.660734415186759 ], [ 92.732007083123733, 27.633358696442833 ], [ 92.749085765079329, 27.623991746309237 ], [ 92.761284823619022, 27.612462092096425 ], [ 92.762098094188346, 27.603814054928719 ], [ 92.779176776143956, 27.600210504649969 ], [ 92.793815646391593, 27.588678347556087 ], [ 92.808454516639245, 27.534605197386689 ], [ 92.78568294069845, 27.530278195021609 ], [ 92.779176776143956, 27.51513234546859 ], [ 92.778363505574617, 27.494934634890289 ], [ 92.776736964436012, 27.484834389612381 ], [ 92.78649621126776, 27.479062404953403 ], [ 92.836105715995927, 27.492048945064443 ], [ 92.840172068842506, 27.476176299206163 ], [ 92.86538345649123, 27.462466264521105 ], [ 92.828786280872094, 27.444424147251333 ], [ 92.822280116317572, 27.43648468069501 ], [ 92.801948352084722, 27.437206473987111 ], [ 92.803093986785797, 27.405468626948476 ], [ 92.816689063000112, 27.354355074772794 ], [ 92.838713340111156, 27.350060990468645 ], [ 92.858588907260128, 27.335746173948319 ], [ 92.875241409466028, 27.341949488161063 ], [ 92.885447781785771, 27.332405784019624 ], [ 92.882224716842686, 27.309020236527342 ], [ 92.888670846728843, 27.301383071646601 ], [ 92.8865221367668, 27.284674941580644 ], [ 92.873092699503971, 27.283242699176753 ], [ 92.859663262241156, 27.288016768707518 ], [ 92.854291487336013, 27.272739024021334 ], [ 92.856977374788585, 27.25936927435917 ], [ 92.869332457070385, 27.25936927435917 ], [ 92.870943989541928, 27.23405784714409 ], [ 92.880613184371143, 27.223549526134022 ], [ 92.881150361861671, 27.202529909631753 ], [ 92.856977374788585, 27.193452031413432 ], [ 92.83119285524397, 27.190107363662193 ], [ 92.809705755623455, 27.177205562833304 ], [ 92.773714863759082, 27.180072758621133 ], [ 92.756525184062667, 27.194407632346667 ], [ 92.774789218740096, 27.215906488028097 ], [ 92.772103331287525, 27.256981649876597 ], [ 92.784458413569325, 27.277990985714755 ], [ 92.798962205813183, 27.286107165517976 ], [ 92.798425028322683, 27.301860409847858 ], [ 92.791441720945997, 27.32190676039907 ], [ 92.801648093265754, 27.33908646320949 ], [ 92.797350673341654, 27.352923731835673 ], [ 92.810780110604483, 27.358648992590798 ], [ 92.802866913660296, 27.391304714415693 ], [ 92.758009212502003, 27.38997709012391 ], [ 92.744565869258835, 27.376634683394421 ], [ 92.7210644610158, 27.377380013762274 ], [ 92.678258324573122, 27.393776011420115 ], [ 92.660632268390827, 27.370671859712548 ], [ 92.612790115896047, 27.341598494303383 ], [ 92.587610035635649, 27.319229174803638 ], [ 92.573341323488094, 27.322957708139302 ], [ 92.534731867088794, 27.315500516127365 ], [ 92.527177843010691, 27.331905676685931 ], [ 92.543125227175608, 27.349799447053648 ], [ 92.512909130863122, 27.371417230243765 ], [ 92.484371706567998, 27.366944931758194 ], [ 92.452476938238149, 27.379615974740453 ], [ 92.449119594203424, 27.395266436127713 ], [ 92.435690218064536, 27.403463412851632 ], [ 92.429814866003781, 27.422090644383594 ], [ 92.412188809821487, 27.42954065746272 ], [ 92.382812049517682, 27.447418637544203 ], [ 92.379454705482971, 27.460825221525834 ], [ 92.384490721535045, 27.467527902265573 ], [ 92.377776033465622, 27.483910516923512 ], [ 92.38784806556977, 27.4891226561381 ], [ 92.376097361448245, 27.509224310501569 ], [ 92.362667985309372, 27.583642882430961 ] ] ] } },
{ "type": "Feature", "properties": { "dt_code": "998", "district": "Lower Subansiri", "st_code": "12", "year": null, "st_nm": "Arunachal Pradesh", "headquarter": null, "area": null, "forest_land": null, "schools": null, "colleges": null, "hospitals": null, "bdo": null }, "geometry": { "type": "Polygon", "coordinates": [ [ [ 93.881840838354549, 27.646245760569585 ], [ 93.904437092157224, 27.649797004077072 ], [ 93.919379776123492, 27.659804433541165 ], [ 93.916099674765036, 27.642048687773414 ], [ 93.885485395419494, 27.621706746595738 ], [ 93.931771270144324, 27.599100156716457 ], [ 93.952180789708024, 27.596839241173999 ], [ 93.9612921823704, 27.575196690520016 ], [ 93.985710714705547, 27.559042750768246 ], [ 94.007942512801733, 27.53739274468391 ], [ 93.977692689162666, 27.511859644895043 ], [ 93.945985042697615, 27.509273683948305 ], [ 93.901521446505257, 27.456894902309759 ], [ 93.872000534279181, 27.448162684377152 ], [ 93.867991521507747, 27.430049213851888 ], [ 93.841021799227121, 27.420020835785479 ], [ 93.826079115260825, 27.449456389918911 ], [ 93.819154456837452, 27.483734056464829 ], [ 93.787446810372401, 27.543855879848394 ], [ 93.791091367437346, 27.585856988069171 ], [ 93.763757189450232, 27.602652929767462 ], [ 93.779428784829506, 27.632362520638683 ], [ 93.791820278850338, 27.62816491529026 ], [ 93.819518912543941, 27.634622702993195 ], [ 93.839199520694621, 27.632039633634829 ], [ 93.867262610094727, 27.650765505021553 ], [ 93.881840838354549, 27.646245760569585 ] ] ] } }
]
}
